Model,Displ,Cyl,Trans,Drive,Fuel,Sales Area,Stnd,Stnd Description,Underhood ID,Veh Class,Air Pollution Score,City MPG,Hwy MPG,Cmb MPG,Greenhouse Gas Score,SmartWay,Comb CO2,Brand
ACURA ILX,2,4,SemiAuto-5,2WD,Gasoline,FA,B5,Federal Tier 2 Bin 5,FHNXV02.0JA3,small car,5,24,35,28,7,No,316,ACURA
ACURA MDX,3.5,6,SemiAuto-6,4WD,Gasoline,FA,B5,Federal Tier 2 Bin 5,FHNXV03.5XA4,small SUV,5,18,27,21,5,No,416,ACURA
ACURA RDX,3.5,6,SemiAuto-6,4WD,Gasoline,FA,B5,Federal Tier 2 Bin 5,FHNXT03.5EV3,small SUV,5,19,27,22,5,No,399,ACURA
ACURA RLX,3.5,6,SemiAuto-6,2WD,Gasoline,FA,B5,Federal Tier 2 Bin 5,FHNXV03.5XA4,midsize car,5,20,31,24,6,No,378,ACURA
ACURA TLX,2.4,4,AutoMan-8,2WD,Gasoline,FA,B5,Federal Tier 2 Bin 5,FHNXJ02.42A3,small car,5,24,35,28,7,No,316,ACURA
ALFA ROMEO 4C,1.8,4,AutoMan-6,2WD,Gasoline,FA,B5,Federal Tier 2 Bin 5,FFTGV01.85P0,small car,5,24,34,28,7,No,317,ALFA ROMEO
ASTON MARTIN DB9,5.9,12,SemiAuto-6,2WD,Gasoline,FA,B5,Federal Tier 2 Bin 5,FASXV05.9VH1,small car,5,13,19,15,3,No,587,ASTON MARTIN
ASTON MARTIN Rapide S,6,12,SemiAuto-8,2WD,Gasoline,FA,B5,Federal Tier 2 Bin 5,FASXV06.0VHB,small car,5,14,22,17,4,No,534,ASTON MARTIN
ASTON MARTIN V12 Vantage S,6,12,AutoMan-7,2WD,Gasoline,FA,B5,Federal Tier 2 Bin 5,FASXV06.0VHB,small car,5,12,18,14,2,No,628,ASTON MARTIN
ASTON MARTIN V8 Vantage,4.7,8,AutoMan-7,2WD,Gasoline,FA,B5,Federal Tier 2 Bin 5,FASXV04.7VH2,small car,5,14,21,16,3,No,552,ASTON MARTIN
ASTON MARTIN V8 Vantage S,4.7,8,AutoMan-7,2WD,Gasoline,FA,B5,Federal Tier 2 Bin 5,FASXV04.7VH2,small car,5,14,21,16,3,No,552,ASTON MARTIN
ASTON MARTIN Vanquish,6,12,SemiAuto-8,2WD,Gasoline,FA,B5,Federal Tier 2 Bin 5,FASXV06.0VHB,small car,5,13,21,16,3,No,557,ASTON MARTIN
ASTON MARTIN Vantage GT,4.7,8,AutoMan-7,2WD,Gasoline,FA,B5,Federal Tier 2 Bin 5,FASXV04.7VH2,small car,5,14,21,16,3,No,552,ASTON MARTIN
AUDI A3,2,4,AMS-6,4WD,Gasoline,FA,B2,Federal Tier 2 Bin 2,FVGAV02.0APA,small car,9,24,33,27,7,Yes,323,AUDI
AUDI A3 Cabriolet,2,4,AMS-6,4WD,Gasoline,FA,B2,Federal Tier 2 Bin 2,FVGAV02.0APA,small car,9,23,32,26,6,No,334,AUDI
AUDI A4,2,4,Man-6,4WD,Gasoline,FA,B5,Federal Tier 2 Bin 5,FVGAV02.0AUB,small car,5,22,32,26,6,No,343,AUDI
AUDI A5,2,4,Man-6,4WD,Gasoline,FA,B5,Federal Tier 2 Bin 5,FVGAV02.0AUB,small car,5,22,32,26,6,No,343,AUDI
AUDI A6,2,4,SCV-8,2WD,Gasoline,FA,B5,Federal Tier 2 Bin 5,FVGAV02.0AUB,midsize car,5,25,33,28,7,No,320,AUDI
AUDI A7,3,6,SemiAuto-8,4WD,Gasoline,FA,B5,Federal Tier 2 Bin 5,FVGAJ03.0AUD,midsize car,5,18,28,21,5,No,416,AUDI
AUDI A8,3,6,SemiAuto-8,4WD,Gasoline,FA,B5,Federal Tier 2 Bin 5,FVGAV03.0AUE,midsize car,5,19,29,22,5,No,397,AUDI
AUDI A8 L,3,6,SemiAuto-8,4WD,Gasoline,FA,B5,Federal Tier 2 Bin 5,FVGAV03.0AUE,large car,5,19,29,22,5,No,397,AUDI
AUDI Q3,2,4,SemiAuto-6,4WD,Gasoline,FA,B5,Federal Tier 2 Bin 5,FVGAV02.0AUA,small car,5,20,28,23,5,No,387,AUDI
AUDI Q5,3,6,SemiAuto-8,4WD,Gasoline,FA,B5,Federal Tier 2 Bin 5,FVGAJ03.0AUD,small SUV,5,18,26,21,5,No,429,AUDI
AUDI Q5 Hybrid,2,4,SemiAuto-8,4WD,Gasoline,FA,B5,Federal Tier 2 Bin 5,FVGAT02.0AUH,small SUV,5,24,30,26,6,No,337,AUDI
AUDI Q7,3,6,SemiAuto-8,4WD,Gasoline,FA,B5,Federal Tier 2 Bin 5,FVGAT03.0ALT,standard SUV,5,16,22,18,4,No,498,AUDI
AUDI R8,4.2,8,AMS-7,4WD,Gasoline,FA,B5,Federal Tier 2 Bin 5,FVGAV04.2NLC,small car,5,14,23,17,4,No,538,AUDI
AUDI R8 Spyder,4.2,8,AMS-7,4WD,Gasoline,FA,B5,Federal Tier 2 Bin 5,FVGAV04.2NLC,small car,5,14,23,17,4,No,538,AUDI
AUDI RS5,4.2,8,AMS-7,4WD,Gasoline,FA,B5,Federal Tier 2 Bin 5,FVGAV04.2NLB,small car,5,16,23,18,4,No,480,AUDI
AUDI RS5 Cabriolet,4.2,8,AMS-7,4WD,Gasoline,FA,B5,Federal Tier 2 Bin 5,FVGAV04.2NLB,small car,5,16,22,18,4,No,486,AUDI
AUDI RS7,4,8,SemiAuto-8,4WD,Gasoline,FA,B5,Federal Tier 2 Bin 5,FVGAV04.0NUA,midsize car,5,15,25,18,4,No,497,AUDI
AUDI S3,2,4,AMS-6,4WD,Gasoline,FA,B5,Federal Tier 2 Bin 5,FVGAV02.0AUA,small car,5,23,31,26,6,No,340,AUDI
AUDI S4,3,6,AMS-7,4WD,Gasoline,FA,B5,Federal Tier 2 Bin 5,FVGAJ03.0AUD,small car,5,18,28,21,5,No,413,AUDI
AUDI S5,3,6,AMS-7,4WD,Gasoline,FA,B5,Federal Tier 2 Bin 5,FVGAJ03.0AUD,small car,5,18,28,21,5,No,413,AUDI
AUDI S5 Cabriolet,3,6,AMS-7,4WD,Gasoline,FA,B5,Federal Tier 2 Bin 5,FVGAJ03.0AUD,small car,5,18,26,21,5,No,428,AUDI
AUDI S6,4,8,AMS-7,4WD,Gasoline,FA,B5,Federal Tier 2 Bin 5,FVGAV04.0NUA,midsize car,5,17,27,20,5,No,441,AUDI
AUDI S7,4,8,AMS-7,4WD,Gasoline,FA,B5,Federal Tier 2 Bin 5,FVGAV04.0NUA,midsize car,5,17,27,20,5,No,441,AUDI
AUDI S8,4,8,SemiAuto-8,4WD,Gasoline,FA,B5,Federal Tier 2 Bin 5,FVGAV04.0NUA,midsize car,5,17,27,20,5,No,442,AUDI
AUDI SQ5,3,6,SemiAuto-8,4WD,Gasoline,FA,B5,Federal Tier 2 Bin 5,FVGAJ03.0AUD,small SUV,5,17,24,19,4,No,458,AUDI
AUDI TT Coupe,2,4,AMS-6,4WD,Gasoline,FA,B5,Federal Tier 2 Bin 5,FVGAV02.0AUA,small car,5,22,31,26,6,No,345,AUDI
AUDI TT Roadster,2,4,AMS-6,4WD,Gasoline,FA,B5,Federal Tier 2 Bin 5,FVGAV02.0AUA,small car,5,22,31,26,6,No,345,AUDI
BENTLEY Continental GT,4,8,SemiAuto-8,4WD,Gasoline,FA,B5,Federal Tier 2 Bin 5,FVGAV04.0NUA,small car,5,15,25,19,4,No,475,BENTLEY
BENTLEY Continental GT Convertible,4,8,SemiAuto-8,4WD,Gasoline,FA,B5,Federal Tier 2 Bin 5,FVGAV04.0NUA,small car,5,14,24,17,4,No,517,BENTLEY
BENTLEY Flying Spur,4,8,SemiAuto-8,4WD,Gasoline,FA,B5,Federal Tier 2 Bin 5,FVGAV04.0NUA,midsize car,5,14,24,17,4,No,517,BENTLEY
BENTLEY Mulsanne,6.8,8,SemiAuto-8,2WD,Gasoline,FA,B5,Federal Tier 2 Bin 5,FVGAV06.8ELP,midsize car,5,11,18,13,1,No,688,BENTLEY
BMW 228i,2,4,Man-6,2WD,Gasoline,CA,L2ULEV125,California LEV-II ULEV125,FBMXJ02.0N20,small car,6,22,34,26,6,No,341,BMW
BMW 320i,2,4,Man-6,2WD,Gasoline,CA,L2ULEV125,California LEV-II ULEV125,FBMXJ02.0N20,small car,6,23,36,27,7,Yes,322,BMW
BMW 328i,2,4,Man-6,2WD,Gasoline,CA,L2ULEV125,California LEV-II ULEV125,FBMXJ02.0N20,small car,6,22,34,26,6,No,341,BMW
BMW 328i Gran Turismo,2,4,SemiAuto-8,4WD,Gasoline,CA,L2ULEV125,California LEV-II ULEV125,FBMXJ02.0N20,large car,6,22,33,26,6,No,340,BMW
BMW 328i Sports Wagon,2,4,SemiAuto-8,4WD,Gasoline,CA,L2ULEV125,California LEV-II ULEV125,FBMXJ02.0N20,station wagon,6,22,33,26,6,No,340,BMW
BMW 335i,3,6,Man-6,4WD,Gasoline,FA,B5,Federal Tier 2 Bin 5,FBMXJ03.0N55,small car,5,20,28,23,5,No,393,BMW
BMW 335i Gran Turismo,3,6,SemiAuto-8,4WD,Gasoline,FA,B5,Federal Tier 2 Bin 5,FBMXJ03.0N55,large car,5,20,30,24,6,No,377,BMW
BMW 428i Convertible,2,4,SemiAuto-8,4WD,Gasoline,CA,L2ULEV125,California LEV-II ULEV125,FBMXJ02.0N20,small car,6,21,33,25,6,No,354,BMW
BMW 428i Coupe,2,4,Man-6,2WD,Gasoline,CA,L2ULEV125,California LEV-II ULEV125,FBMXJ02.0N20,small car,6,22,34,26,6,No,341,BMW
BMW 428i Gran Coupe,2,4,SemiAuto-8,4WD,Gasoline,CA,L2ULEV125,California LEV-II ULEV125,FBMXJ02.0N20,small car,6,22,32,26,6,No,344,BMW
BMW 435i Convertible,3,6,SemiAuto-8,4WD,Gasoline,FA,B5,Federal Tier 2 Bin 5,FBMXJ03.0N55,small car,5,20,29,23,5,No,382,BMW
BMW 435i Coupe,3,6,Man-6,4WD,Gasoline,FA,B5,Federal Tier 2 Bin 5,FBMXJ03.0N55,small car,5,20,28,23,5,No,393,BMW
BMW 435i Gran Coupe,3,6,SemiAuto-8,4WD,Gasoline,FA,B5,Federal Tier 2 Bin 5,FBMXJ03.0N55,small car,5,20,31,24,6,No,375,BMW
BMW 528i,2,4,SemiAuto-8,4WD,Gasoline,CA,L2ULEV125,California LEV-II ULEV125,FBMXJ02.0N20,midsize car,6,22,33,26,6,No,340,BMW
BMW 535i,3,6,SemiAuto-8,4WD,Gasoline,FA,B5,Federal Tier 2 Bin 5,FBMXV03.0F10,midsize car,5,20,29,23,5,No,382,BMW
BMW 535i Gran Turismo,3,6,SemiAuto-8,4WD,Gasoline,FA,B5,Federal Tier 2 Bin 5,FBMXV03.0F10,large car,5,18,26,21,5,No,418,BMW
BMW 550i,4.4,8,SemiAuto-8,4WD,Gasoline,FA,B5,Federal Tier 2 Bin 5,FBMXV04.4N63,midsize car,5,16,25,19,4,No,461,BMW
BMW 550i Gran Turismo,4.4,8,SemiAuto-8,4WD,Gasoline,FA,B5,Federal Tier 2 Bin 5,FBMXV04.4N63,large car,5,16,24,19,4,No,477,BMW
BMW 640i,3,6,SemiAuto-8,4WD,Gasoline,FA,B5,Federal Tier 2 Bin 5,FBMXV03.0F10,small car,5,20,29,23,5,No,382,BMW
BMW 640i Convertible,3,6,SemiAuto-8,4WD,Gasoline,FA,B5,Federal Tier 2 Bin 5,FBMXV03.0F10,small car,5,20,29,23,5,No,382,BMW
BMW 640i Gran Coupe,3,6,SemiAuto-8,4WD,Gasoline,FA,B5,Federal Tier 2 Bin 5,FBMXV03.0F10,small car,5,20,29,23,5,No,382,BMW
BMW 650i,4.4,8,SemiAuto-8,4WD,Gasoline,FA,B5,Federal Tier 2 Bin 5,FBMXV04.4N63,small car,5,16,25,19,4,No,461,BMW
BMW 650i Convertible,4.4,8,SemiAuto-8,4WD,Gasoline,FA,B5,Federal Tier 2 Bin 5,FBMXV04.4N63,small car,5,16,24,19,4,No,477,BMW
BMW 650i Gran Coupe,4.4,8,SemiAuto-8,4WD,Gasoline,FA,B5,Federal Tier 2 Bin 5,FBMXV04.4N63,small car,5,16,24,19,4,No,477,BMW
BMW 740Li,3,6,SemiAuto-8,4WD,Gasoline,FA,B5,Federal Tier 2 Bin 5,FBMXV03.0F10,large car,5,19,28,22,5,No,400,BMW
BMW 740i,3,6,SemiAuto-8,2WD,Gasoline,FA,B5,Federal Tier 2 Bin 5,FBMXV03.0F10,large car,5,19,29,23,5,No,394,BMW
BMW 750Li,4.4,8,SemiAuto-8,4WD,Gasoline,FA,B5,Federal Tier 2 Bin 5,FBMXV04.4N63,large car,5,16,24,19,4,No,477,BMW
BMW 750i,4.4,8,SemiAuto-8,4WD,Gasoline,FA,B5,Federal Tier 2 Bin 5,FBMXV04.4N63,large car,5,16,24,19,4,No,477,BMW
BMW 760Li,6,12,SemiAuto-8,2WD,Gasoline,FA,B5,Federal Tier 2 Bin 5,FBMXV06.0N74,large car,5,13,20,15,3,No,586,BMW
BMW ActiveHybrid 3,3,6,SemiAuto-8,2WD,Gasoline,FA,B5,Federal Tier 2 Bin 5,FBMXV03.0AH3,small car,5,25,33,28,7,No,314,BMW
BMW ActiveHybrid 5,3,6,SemiAuto-8,2WD,Gasoline,FA,B5,Federal Tier 2 Bin 5,FBMXV03.0AH5,midsize car,5,23,30,26,6,No,346,BMW
BMW ActiveHybrid 7L,3,6,SemiAuto-8,2WD,Gasoline,FA,B5,Federal Tier 2 Bin 5,FBMXV03.0AH5,large car,5,22,30,25,6,No,350,BMW
BMW Alpina B6 Gran Coupe,4.4,8,SemiAuto-8,4WD,Gasoline,FA,B5,Federal Tier 2 Bin 5,FBMXV04.4N63,small car,5,16,24,19,4,No,477,BMW
BMW Alpina B7 LWB,4.4,8,SemiAuto-8,4WD,Gasoline,FA,B5,Federal Tier 2 Bin 5,FBMXV04.4N63,large car,5,16,24,19,4,No,477,BMW
BMW Alpina B7 SWB,4.4,8,SemiAuto-8,4WD,Gasoline,FA,B5,Federal Tier 2 Bin 5,FBMXV04.4N63,large car,5,16,24,19,4,No,477,BMW
BMW M235i,3,6,Man-6,2WD,Gasoline,FA,B5,Federal Tier 2 Bin 5,FBMXJ03.0N55,small car,5,19,28,22,5,No,392,BMW
BMW M3,3,6,AMS-7,2WD,Gasoline,FA,B5,Federal Tier 2 Bin 5,FBMXV03.0S55,small car,5,17,24,19,4,No,459,BMW
BMW M4 Convertible,3,6,AMS-7,2WD,Gasoline,FA,B5,Federal Tier 2 Bin 5,FBMXV03.0S55,small car,5,17,24,19,4,No,458,BMW
BMW M4 Coupe,3,6,AMS-7,2WD,Gasoline,FA,B5,Federal Tier 2 Bin 5,FBMXV03.0S55,small car,5,17,24,19,4,No,459,BMW
BMW M5,4.4,8,AMS-7,2WD,Gasoline,FA,B5,Federal Tier 2 Bin 5,FBMXV04.4S63,midsize car,5,14,20,16,3,No,554,BMW
BMW M6 Convertible,4.4,8,AMS-7,2WD,Gasoline,FA,B5,Federal Tier 2 Bin 5,FBMXV04.4S63,small car,5,14,20,16,3,No,554,BMW
BMW M6 Coupe,4.4,8,AMS-7,2WD,Gasoline,FA,B5,Federal Tier 2 Bin 5,FBMXV04.4S63,small car,5,14,20,16,3,No,554,BMW
BMW M6 Gran Coupe,4.4,8,AMS-7,2WD,Gasoline,FA,B5,Federal Tier 2 Bin 5,FBMXV04.4S63,small car,5,14,20,16,3,No,554,BMW
BMW X1 sDrive28i,2,4,SemiAuto-8,2WD,Gasoline,CA,L2ULEV125,California LEV-II ULEV125,FBMXJ02.0N20,large car,6,23,34,27,7,Yes,334,BMW
BMW X1 xDrive28i,2,4,SemiAuto-8,4WD,Gasoline,CA,L2ULEV125,California LEV-II ULEV125,FBMXJ02.0N20,large car,6,22,32,26,6,No,345,BMW
BMW X1 xDrive35i,3,6,SemiAuto-6,4WD,Gasoline,FA,B5,Federal Tier 2 Bin 5,FBMXJ03.0N55,large car,5,18,27,21,5,No,423,BMW
BMW X3 sDrive28i,2,4,SemiAuto-8,2WD,Gasoline,CA,L2ULEV125,California LEV-II ULEV125,FBMXJ02.0N20,small SUV,6,21,28,24,6,No,372,BMW
BMW X3 xDrive28i,2,4,SemiAuto-8,4WD,Gasoline,CA,L2ULEV125,California LEV-II ULEV125,FBMXJ02.0N20,small SUV,6,21,28,24,6,No,372,BMW
BMW X3 xDrive35i,3,6,SemiAuto-8,4WD,Gasoline,FA,B5,Federal Tier 2 Bin 5,FBMXJ03.0N55,small SUV,5,19,26,21,5,No,415,BMW
BMW X4 xDrive28i,2,4,SemiAuto-8,4WD,Gasoline,CA,L2ULEV125,California LEV-II ULEV125,FBMXJ02.0N20,small SUV,6,20,28,23,5,No,386,BMW
BMW X4 xDrive35i,3,6,SemiAuto-8,4WD,Gasoline,FA,B5,Federal Tier 2 Bin 5,FBMXJ03.0N55,small SUV,5,19,27,22,5,No,413,BMW
BMW X5,3,6,SemiAuto-8,4WD,Gasoline,FA,B5,Federal Tier 2 Bin 5,FBMXT03.0F15,standard SUV,5,18,27,21,5,No,419,BMW
BMW X6,3,6,SemiAuto-8,4WD,Gasoline,FA,B5,Federal Tier 2 Bin 5,FBMXT03.0F15,standard SUV,5,18,27,21,5,No,419,BMW
BMW Z4,2,4,Man-6,2WD,Gasoline,CA,L2ULEV125,California LEV-II ULEV125,FBMXJ02.0N20,small car,6,22,34,26,6,No,337,BMW
BUGATTI Veyron,8,16,AMS-7,4WD,Gasoline,FA,B5,Federal Tier 2 Bin 5,FVGAV08.0GLB,small car,5,8,15,10,1,No,847,BUGATTI
BUICK Enclave,3.6,6,Auto-6,4WD,Gasoline,FC,B4,Federal Tier 2 Bin 4,FGMXT03.6151,standard SUV,6,16,22,18,4,No,494,BUICK
BUICK Encore,1.4,4,SemiAuto-6,4WD,Gasoline,FC,B4,Federal Tier 2 Bin 4,FGMXV01.4099,small SUV,6,23,30,26,6,No,341,BUICK
BUICK Lacrosse,2.4,4,SemiAuto-6,2WD,Gasoline,FA,B5,Federal Tier 2 Bin 5,FGMXV02.4060,midsize car,5,25,36,29,7,No,310,BUICK
BUICK Regal,2,4,Man-6,2WD,Gasoline,FC,B4,Federal Tier 2 Bin 4,FGMXV02.0021,midsize car,6,20,31,24,6,No,369,BUICK
BUICK Verano,2,4,Man-6,2WD,Gasoline,FC,B4,Federal Tier 2 Bin 4,FGMXV02.0021,small car,6,20,31,24,6,No,369,BUICK
CADILLAC ATS,2,4,Man-6,2WD,Gasoline,FC,B4,Federal Tier 2 Bin 4,FGMXV02.0021,small car,6,19,30,23,5,No,387,CADILLAC
CADILLAC CTS,2,4,SemiAuto-6,4WD,Gasoline,FC,B4,Federal Tier 2 Bin 4,FGMXV02.0021,midsize car,6,19,28,22,5,No,404,CADILLAC
CADILLAC Escalade,6.2,8,Auto-6,4WD,Gasoline,FC,B4,Federal Tier 2 Bin 4,FGMXT06.2374,standard SUV,6,14,21,16,3,No,555,CADILLAC
CADILLAC Escalade ESV,6.2,8,Auto-6,4WD,Gasoline,FC,B4,Federal Tier 2 Bin 4,FGMXT06.2374,standard SUV,6,14,20,16,3,No,548,CADILLAC
CADILLAC SRX,3.6,6,SemiAuto-6,4WD,Gasoline,FC,B4,Federal Tier 2 Bin 4,FGMXJ03.6165,standard SUV,6,16,23,18,4,No,482,CADILLAC
CADILLAC XTS,3.6,6,SemiAuto-6,4WD,Gasoline,FC,B4,Federal Tier 2 Bin 4,FGMXJ03.6165,large car,6,17,26,20,5,No,437,CADILLAC
CADILLAC XTS Limo,3.6,6,SemiAuto-6,2WD,Gasoline,FC,B4,Federal Tier 2 Bin 4,FGMXV03.6167,special purpose,6,14,21,17,4,No,528,CADILLAC
CHEVROLET Camaro,3.6,6,Auto-6,2WD,Gasoline,FC,B4,Federal Tier 2 Bin 4,FGMXJ03.6165,small car,6,19,30,22,5,No,397,CHEVROLET
CHEVROLET City Express,2,4,CVT,2WD,Gasoline,FA,B5,Federal Tier 2 Bin 5,FNSXT02.0G2A,special purpose,5,24,26,25,6,No,353,CHEVROLET
CHEVROLET Colorado,2.5,4,Auto-6,4WD,Gasoline,FC,B4,Federal Tier 2 Bin 4,FGMXT02.5200,pickup,6,19,25,21,5,No,422,CHEVROLET
CHEVROLET Corvette,6.2,8,Man-7,2WD,Gasoline,FA,B5,Federal Tier 2 Bin 5,FGMXV06.2090,small car,5,17,29,21,5,No,424,CHEVROLET
CHEVROLET Cruze,1.4,4,Man-6,2WD,Gasoline,FC,B4,Federal Tier 2 Bin 4,FGMXV01.8011,midsize car,6,26,38,30,7,Yes,293,CHEVROLET
CHEVROLET Cruze Eco,1.4,4,Auto-6,2WD,Gasoline,FC,B4,Federal Tier 2 Bin 4,FGMXV01.8011,midsize car,6,26,39,31,8,Yes,291,CHEVROLET
CHEVROLET Equinox,2.4,4,Auto-6,4WD,Gasoline,FC,B4,Federal Tier 2 Bin 4,FGMXJ02.4199,small SUV,6,20,29,23,5,No,379,CHEVROLET
CHEVROLET Express 2500,4.8,8,Auto-6,2WD,Gasoline,FC,B8,Federal Tier 2 Bin 8,FGMXT06.0394,van,2,11,17,13,1,No,675,CHEVROLET
CHEVROLET Express 3500,4.8,8,Auto-6,2WD,Gasoline,FC,B8,Federal Tier 2 Bin 8,FGMXT06.0394,van,2,11,17,13,1,No,678,CHEVROLET
CHEVROLET Impala,2.5,4,SemiAuto-6,2WD,Gasoline,FA,B3,Federal Tier 2 Bin 3,FGMXJ02.5150,large car,7,22,31,25,6,No,355,CHEVROLET
CHEVROLET Malibu,2,4,SemiAuto-6,2WD,Gasoline,FC,B4,Federal Tier 2 Bin 4,FGMXV02.0021,midsize car,6,21,30,24,6,No,371,CHEVROLET
CHEVROLET SS,6.2,8,SemiAuto-6,2WD,Gasoline,FA,B5,Federal Tier 2 Bin 5,FGMXV07.0088,large car,5,14,21,17,4,No,538,CHEVROLET
CHEVROLET Silverado 15,5.3,8,Auto-6,4WD,Gasoline,FC,B4,Federal Tier 2 Bin 4,FGMXT06.2374,standard SUV,6,15,19,17,4,No,523,CHEVROLET
CHEVROLET Sonic,1.4,4,Man-6,2WD,Gasoline,FC,B4,Federal Tier 2 Bin 4,FGMXV01.8011,small car,6,29,40,33,8,Yes,271,CHEVROLET
CHEVROLET Sonic 5,1.4,4,Man-6,2WD,Gasoline,FC,B4,Federal Tier 2 Bin 4,FGMXV01.8011,midsize car,6,29,40,33,8,Yes,271,CHEVROLET
CHEVROLET Sonic 5 RS,1.4,4,Man-6,2WD,Gasoline,FC,B4,Federal Tier 2 Bin 4,FGMXV01.8011,midsize car,6,27,34,30,7,Yes,298,CHEVROLET
CHEVROLET Sonic RS,1.4,4,Man-6,2WD,Gasoline,FC,B4,Federal Tier 2 Bin 4,FGMXV01.8011,small car,6,27,34,30,7,Yes,298,CHEVROLET
CHEVROLET Spark,1.2,4,CVT,2WD,Gasoline,FC,B4,Federal Tier 2 Bin 4,FGMXV01.8011,small car,6,30,39,34,8,Yes,264,CHEVROLET
CHEVROLET Suburban 1500,5.3,8,Auto-6,4WD,Gasoline,FC,B4,Federal Tier 2 Bin 4,FGMXT06.2374,standard SUV,6,15,22,18,4,No,503,CHEVROLET
CHEVROLET Tahoe 1500,5.3,8,Auto-6,4WD,Gasoline,FC,B4,Federal Tier 2 Bin 4,FGMXT06.2374,standard SUV,6,16,22,18,4,No,498,CHEVROLET
CHEVROLET Traverse,3.6,6,Auto-6,4WD,Gasoline,FC,B4,Federal Tier 2 Bin 4,FGMXT03.6151,standard SUV,6,16,23,19,4,No,476,CHEVROLET
CHEVROLET Trax,1.4,4,SemiAuto-6,4WD,Gasoline,FC,B4,Federal Tier 2 Bin 4,FGMXV01.4099,small SUV,6,24,31,27,7,Yes,330,CHEVROLET
CHRYSLER 200,2.4,4,Auto-9,2WD,Gasoline,FC,B4,Federal Tier 2 Bin 4,FCRXJ02.45P0,midsize car,6,23,36,28,7,Yes,322,CHRYSLER
CHRYSLER 300,3.6,6,Auto-8,4WD,Gasoline,FC,B4,Federal Tier 2 Bin 4,FCRXV03.65P1,large car,6,18,27,21,5,No,413,CHRYSLER
CHRYSLER Town & Country,3.6,6,Auto-6,2WD,Gasoline,FC,B4,Federal Tier 2 Bin 4,FCRXJ03.65P0,minivan,6,17,25,20,5,No,444,CHRYSLER
DODGE Challenger,3.6,6,Auto-8,2WD,Gasoline,FC,B4,Federal Tier 2 Bin 4,FCRXV03.65P1,midsize car,6,19,30,23,5,No,389,DODGE
DODGE Challenger SRT8,6.2,8,Auto-8,2WD,Gasoline,FA,B5,Federal Tier 2 Bin 5,FCRXV06.25P3,midsize car,5,13,22,16,3,No,556,DODGE
DODGE Charger,3.6,6,Auto-8,4WD,Gasoline,FC,B4,Federal Tier 2 Bin 4,FCRXV03.65P1,large car,6,18,27,21,5,No,413,DODGE
DODGE Charger SRT8,6.2,8,Auto-8,2WD,Gasoline,FA,B5,Federal Tier 2 Bin 5,FCRXV06.25P3,large car,5,13,22,16,3,No,556,DODGE
DODGE Dart,1.4,4,AutoMan-6,2WD,Gasoline,FA,B5,Federal Tier 2 Bin 5,FCRXJ01.45P0,midsize car,5,27,37,31,8,Yes,288,DODGE
DODGE Dart Aero,1.4,4,AutoMan-6,2WD,Gasoline,FA,B5,Federal Tier 2 Bin 5,FCRXJ01.45P0,midsize car,5,28,40,32,8,Yes,275,DODGE
DODGE Dart GT,2.4,4,Auto-6,2WD,Gasoline,FC,B4,Federal Tier 2 Bin 4,FCRXJ02.45P0,midsize car,6,22,31,26,6,No,346,DODGE
DODGE Durango,5.7,8,Auto-8,4WD,Gasoline,FC,B4,Federal Tier 2 Bin 4,FCRXT05.75P0,standard SUV,6,14,22,16,3,No,542,DODGE
DODGE Grand Caravan,3.6,6,Auto-6,2WD,Gasoline,FC,B4,Federal Tier 2 Bin 4,FCRXJ03.65P0,minivan,6,17,25,20,5,No,444,DODGE
DODGE Journey,2.4,4,Auto-4,2WD,Gasoline,FC,B4,Federal Tier 2 Bin 4,FCRXJ02.45P0,small SUV,6,19,26,21,5,No,419,DODGE
DODGE Viper SRT,8.4,10,Man-6,2WD,Gasoline,FA,B5,Federal Tier 2 Bin 5,FCRXV08.45P0,small car,5,12,21,15,3,No,587,DODGE
FERRARI 458 Italia,4.5,8,AutoMan-7,2WD,Gasoline,FA,B5,Federal Tier 2 Bin 5,FFEXV04.3GDI,small car,5,13,17,14,2,No,622,FERRARI
FERRARI 458 Speciale,4.5,8,AutoMan-7,2WD,Gasoline,FA,B5,Federal Tier 2 Bin 5,FFEXV04.3GDI,small car,5,13,17,14,2,No,622,FERRARI
FERRARI 458 Speciale Spider,4.5,8,AutoMan-7,2WD,Gasoline,FA,B5,Federal Tier 2 Bin 5,FFEXV04.3GDI,small car,5,13,17,14,2,No,622,FERRARI
FERRARI 458 Spider,4.5,8,AutoMan-7,2WD,Gasoline,FA,B5,Federal Tier 2 Bin 5,FFEXV04.3GDI,small car,5,13,17,14,2,No,622,FERRARI
FERRARI California T,3.9,8,AutoMan-7,2WD,Gasoline,FA,B5,Federal Tier 2 Bin 5,FFEXV03.9TUR,small car,5,16,23,18,4,No,488,FERRARI
FERRARI F12,6.3,12,AutoMan-7,2WD,Gasoline,FA,B5,Federal Tier 2 Bin 5,FFEXV06.3GDI,small car,5,11,16,13,1,No,679,FERRARI
FERRARI FF,6.3,12,AutoMan-7,4WD,Gasoline,FA,B5,Federal Tier 2 Bin 5,FFEXV06.3GDI,midsize car,5,11,16,13,1,No,697,FERRARI
FIAT 500,1.4,4,Auto-6,2WD,Gasoline,FA,B5,Federal Tier 2 Bin 5,FCRXJ01.45P0,small car,5,24,32,27,7,No,322,FIAT
FIAT 500 Abarth,1.4,4,Auto-6,2WD,Gasoline,FA,B5,Federal Tier 2 Bin 5,FCRXJ01.45P0,small car,5,24,32,27,7,No,322,FIAT
FIAT 500L,1.4,4,Auto-6,2WD,Gasoline,FA,B5,Federal Tier 2 Bin 5,FCRXJ01.45P0,station wagon,5,22,30,25,6,No,351,FIAT
FORD C-MAX Hybrid,2,4,CVT,2WD,Gasoline,FC,B3,Federal Tier 2 Bin 3,FFMXV02.0VZN,large car,7,42,37,40,9,Yes,225,FORD
FORD Escape,1.6,4,SemiAuto-6,4WD,Gasoline,FA,B5,Federal Tier 2 Bin 5,FFMXT01.62E9,small SUV,5,22,29,25,6,No,357,FORD
FORD Expedition,3.5,6,SemiAuto-6,4WD,Gasoline,FA,B5,Federal Tier 2 Bin 5,FFMXT03.54HE,standard SUV,5,15,20,17,4,No,537,FORD
FORD Expedition EL,3.5,6,SemiAuto-6,4WD,Gasoline,FA,B5,Federal Tier 2 Bin 5,FFMXT03.54HE,standard SUV,5,14,20,16,3,No,543,FORD
FORD Explorer,2,4,Auto-6,2WD,Gasoline,FA,B5,Federal Tier 2 Bin 5,FFMXT02.02EX,standard SUV,5,20,28,23,5,No,392,FORD
FORD Fiesta,1.6,4,AutoMan-6,2WD,Gasoline,FC,B4,Federal Tier 2 Bin 4,FFMXV01.6VDC,small car,6,27,37,31,8,Yes,289,FORD
FORD Fiesta SFE,1,3,Man-5,2WD,Gasoline,FC,B4,Federal Tier 2 Bin 4,FFMXV01.0VD1,small car,6,31,43,36,8,Yes,247,FORD
FORD Fiesta ST,1.6,4,Man-6,2WD,Gasoline,FC,B4,Federal Tier 2 Bin 4,FFMXV01.6VDD,small car,6,26,35,29,7,Yes,301,FORD
FORD Fusion,1.5,4,SemiAuto-6,2WD,Gasoline,FA,B5,Federal Tier 2 Bin 5,FFMXV01.5VDG,midsize car,5,24,36,28,7,No,316,FORD
FORD Fusion Hybrid,2,4,CVT,2WD,Gasoline,FC,B3,Federal Tier 2 Bin 3,FFMXV02.0VZN,midsize car,7,44,41,42,9,Yes,209,FORD
FORD Mustang,2.3,4,Man-6,2WD,Gasoline,FA,B4,Federal Tier 2 Bin 4,FFMXV02.3VJW,small car,6,22,31,26,6,No,346,FORD
FORD Mustang Convertible,2.3,4,SemiAuto-6,2WD,Gasoline,FA,B4,Federal Tier 2 Bin 4,FFMXV02.3VJW,small car,6,20,30,24,6,No,375,FORD
FORD Taurus,2,4,SemiAuto-6,2WD,Gasoline,FA,B5,Federal Tier 2 Bin 5,FFMXV02.0VE7,large car,5,22,32,26,6,No,342,FORD
FORD Transit Connect,1.6,4,SemiAuto-6,2WD,Gasoline,FA,B5,Federal Tier 2 Bin 5,FFMXT01.62D7,special purpose,5,22,30,25,6,No,354,FORD
FORD Transit T150,3.5,6,SemiAuto-6,2WD,Gasoline,FC,B8,Federal Tier 2 Bin 8,FFMXT03.55HV,van,2,14,19,16,3,No,556,FORD
GMC Acadia,3.6,6,Auto-6,4WD,Gasoline,FC,B4,Federal Tier 2 Bin 4,FGMXT03.6151,standard SUV,6,16,23,19,4,No,476,GMC
GMC Canyon,2.5,4,Auto-6,4WD,Gasoline,FC,B4,Federal Tier 2 Bin 4,FGMXT02.5200,pickup,6,19,25,21,5,No,422,GMC
GMC Savana 2500,4.8,8,Auto-6,2WD,Gasoline,FC,B8,Federal Tier 2 Bin 8,FGMXT06.0394,van,2,11,17,13,1,No,675,GMC
GMC Savana 3500,4.8,8,Auto-6,2WD,Gasoline,FC,B8,Federal Tier 2 Bin 8,FGMXT06.0394,van,2,11,17,13,1,No,676,GMC
GMC Sierra 15,5.3,8,Auto-6,4WD,Gasoline,FC,B4,Federal Tier 2 Bin 4,FGMXT06.2374,special purpose,6,15,19,17,4,No,523,GMC
GMC Terrain,2.4,4,Auto-6,4WD,Gasoline,FC,B4,Federal Tier 2 Bin 4,FGMXJ02.4199,small SUV,6,20,29,23,5,No,379,GMC
GMC Yukon 1500,5.3,8,Auto-6,4WD,Gasoline,FC,B4,Federal Tier 2 Bin 4,FGMXT06.2374,standard SUV,6,16,22,18,4,No,498,GMC
GMC Yukon 1500 XL,5.3,8,Auto-6,2WD,Gasoline,FC,B4,Federal Tier 2 Bin 4,FGMXT06.2374,standard SUV,6,16,23,18,4,No,481,GMC
GMC Yukon XL 1500,5.3,8,Auto-6,4WD,Gasoline,FC,B4,Federal Tier 2 Bin 4,FGMXT06.2374,standard SUV,6,15,22,18,4,No,503,GMC
HONDA Accord,2,4,CVT,2WD,Gasoline,FA,B3,Federal Tier 2 Bin 3,FHNXV02.0SK2,midsize car,7,50,45,47,10,Yes,188,HONDA
HONDA CR-V,2.4,4,CVT,4WD,Gasoline,FA,B5,Federal Tier 2 Bin 5,FHNXJ02.42A3,small SUV,5,26,33,28,7,No,313,HONDA
HONDA CR-Z,1.5,4,Man-6,2WD,Gasoline,FA,B2,Federal Tier 2 Bin 2,FHNXV01.57D2,small car,9,31,38,34,8,Yes,261,HONDA
HONDA Civic,1.8,4,CVT,2WD,Gasoline,FA,B5,Federal Tier 2 Bin 5,FHNXV01.8FA2,small car,5,30,39,33,8,Yes,267,HONDA
HONDA Civic HF,1.8,4,CVT,2WD,Gasoline,FA,B5,Federal Tier 2 Bin 5,FHNXV01.8FA2,small car,5,31,41,35,8,Yes,253,HONDA
HONDA Civic Hybrid,1.5,4,CVT,2WD,Gasoline,FA,B2,Federal Tier 2 Bin 2,FHNXV01.55DB,small car,9,44,47,45,10,Elite,196,HONDA
HONDA Crosstour,2.4,4,Auto-5,2WD,Gasoline,FA,B5,Federal Tier 2 Bin 5,FHNXV02.4DA3,small SUV,5,22,31,25,6,No,354,HONDA
HONDA Fit,1.5,4,CVT,2WD,Gasoline,FA,B5,Federal Tier 2 Bin 5,FHNXV01.51H2,station wagon,5,33,41,36,8,Yes,247,HONDA
HONDA Odyssey,3.5,6,Auto-6,2WD,Gasoline,FA,B5,Federal Tier 2 Bin 5,FHNXT03.5EV3,minivan,5,19,28,22,5,No,402,HONDA
HONDA Pilot,3.5,6,Auto-5,4WD,Gasoline,FA,B5,Federal Tier 2 Bin 5,FHNXV03.5GA3,small SUV,5,17,24,20,5,No,446,HONDA
HYUNDAI Accent,1.6,4,Man-6,2WD,Gasoline,FA,B5,Federal Tier 2 Bin 5,FKMXV01.6DBE,small car,5,27,38,31,8,Yes,280,HYUNDAI
HYUNDAI Azera,3.3,6,SemiAuto-6,2WD,Gasoline,FA,B5,Federal Tier 2 Bin 5,FHYXV03.31LE,large car,5,20,29,23,5,No,389,HYUNDAI
HYUNDAI Azera Limited,3.3,6,SemiAuto-6,2WD,Gasoline,FA,B5,Federal Tier 2 Bin 5,FHYXV03.31LE,large car,5,19,28,22,5,No,403,HYUNDAI
HYUNDAI Elantra,1.8,4,Man-6,2WD,Gasoline,FA,B5,Federal Tier 2 Bin 5,FHYXV01.81DE,midsize car,5,27,37,31,8,Yes,286,HYUNDAI
HYUNDAI Elantra Coupe,2,4,Man-6,2WD,Gasoline,FA,B5,Federal Tier 2 Bin 5,FKMXV02.0DFE,midsize car,5,24,34,27,7,No,324,HYUNDAI
HYUNDAI Elantra GT,2,4,SemiAuto-6,2WD,Gasoline,FA,B5,Federal Tier 2 Bin 5,FKMXV02.04CE,midsize car,5,24,33,27,7,No,324,HYUNDAI
HYUNDAI Elantra Limited,1.8,4,SemiAuto-6,2WD,Gasoline,FA,B5,Federal Tier 2 Bin 5,FHYXV01.81DE,midsize car,5,27,37,31,8,Yes,290,HYUNDAI
HYUNDAI Equus,5,8,Auto-8,2WD,Gasoline,FA,B5,Federal Tier 2 Bin 5,FHYXV05.01SE,large car,5,15,23,18,4,No,502,HYUNDAI
HYUNDAI Genesis,3.8,6,Auto-8,4WD,Gasoline,FA,B5,Federal Tier 2 Bin 5,FHYXV03.81PE,large car,5,16,25,19,4,No,459,HYUNDAI
HYUNDAI Genesis Coupe,3.8,6,Man-6,2WD,Gasoline,FA,B5,Federal Tier 2 Bin 5,FHYXV03.81NE,small car,5,16,24,19,4,No,460,HYUNDAI
HYUNDAI Santa Fe,3.3,6,SemiAuto-6,4WD,Gasoline,FA,B5,Federal Tier 2 Bin 5,FHYXV03.31XE,small SUV,5,18,24,20,5,No,445,HYUNDAI
HYUNDAI Santa Fe Sport,2,4,SemiAuto-6,4WD,Gasoline,FA,B5,Federal Tier 2 Bin 5,FHYXV02.01VE,small SUV,5,18,24,21,5,No,427,HYUNDAI
HYUNDAI Santa Fe Sport Ultimate,2,4,SemiAuto-6,2WD,Gasoline,FA,B5,Federal Tier 2 Bin 5,FHYXV02.01VE,small SUV,5,19,26,22,5,No,408,HYUNDAI
HYUNDAI Santa Fe Ultimate,3.3,6,SemiAuto-6,4WD,Gasoline,FA,B5,Federal Tier 2 Bin 5,FHYXV03.31XE,small SUV,5,17,22,19,4,No,478,HYUNDAI
HYUNDAI Sonata,1.6,4,AutoMan-7,2WD,Gasoline,FA,B5,Federal Tier 2 Bin 5,FHYXV01.61FE,large car,5,28,38,32,8,Yes,282,HYUNDAI
HYUNDAI Sonata Hybrid,2.4,4,AutoMan-6,2WD,Gasoline,FA,B2,Federal Tier 2 Bin 2,FHYXV02.4AKN,midsize car,9,36,40,38,9,Yes,237,HYUNDAI
HYUNDAI Sonata Hybrid Limited,2.4,4,AutoMan-6,2WD,Gasoline,FA,B2,Federal Tier 2 Bin 2,FHYXV02.4AKN,midsize car,9,36,40,37,9,Yes,239,HYUNDAI
HYUNDAI Sonata Limited,2,4,SemiAuto-6,2WD,Gasoline,FA,B5,Federal Tier 2 Bin 5,FHYXV02.01HE,large car,5,21,31,25,6,No,362,HYUNDAI
HYUNDAI Sonata Sport/Limited,2.4,4,SemiAuto-6,2WD,Gasoline,FA,B5,Federal Tier 2 Bin 5,FHYXV02.41JE,large car,5,24,35,28,7,No,323,HYUNDAI
HYUNDAI Tuscon,2,4,Auto-6,4WD,Gasoline,FA,B5,Federal Tier 2 Bin 5,FHYXT02.01TE,small SUV,5,21,25,23,5,No,393,HYUNDAI
HYUNDAI Veloster,1.6,4,AutoMan-6,2WD,Gasoline,FA,B5,Federal Tier 2 Bin 5,FKMXV01.6DBE,small car,5,27,36,30,7,No,288,HYUNDAI
INFINITI Q40,3.7,6,SemiAuto-7,4WD,Gasoline,FA,B5,Federal Tier 2 Bin 5,FNSXV03.7GAA,midsize car,5,18,25,20,5,No,436,INFINITI
INFINITI Q50,3.7,6,SemiAuto-7,4WD,Gasoline,FA,B5,Federal Tier 2 Bin 5,FNSXV03.7GAA,midsize car,5,19,27,22,5,No,408,INFINITI
INFINITI Q50 Hybrid,3.5,6,SemiAuto-7,4WD,Gasoline,FA,B5,Federal Tier 2 Bin 5,FNSXV03.5GCB,small car,5,28,35,30,7,No,296,INFINITI
INFINITI Q50S Hybrid,3.5,6,SemiAuto-7,4WD,Gasoline,FA,B5,Federal Tier 2 Bin 5,FNSXV03.5GCB,small car,5,27,31,28,7,No,317,INFINITI
INFINITI Q50a,3.7,6,SemiAuto-7,4WD,Gasoline,FA,B5,Federal Tier 2 Bin 5,FNSXV03.7GAA,midsize car,5,19,27,22,5,No,409,INFINITI
INFINITI Q60,3.7,6,Man-6,2WD,Gasoline,FA,B5,Federal Tier 2 Bin 5,FNSXV03.7GAA,small car,5,17,25,20,5,No,440,INFINITI
INFINITI Q60 Convertible,3.7,6,Man-6,2WD,Gasoline,FA,B5,Federal Tier 2 Bin 5,FNSXV03.7GAB,small car,5,16,24,19,4,No,464,INFINITI
INFINITI Q70,3.7,6,SemiAuto-7,4WD,Gasoline,FA,B5,Federal Tier 2 Bin 5,FNSXV03.7GAB,midsize car,5,18,24,20,5,No,443,INFINITI
INFINITI Q70 Hybrid,3.5,6,SemiAuto-7,2WD,Gasoline,FA,B5,Federal Tier 2 Bin 5,FNSXV03.5GCB,midsize car,5,29,34,31,8,Yes,285,INFINITI
INFINITI QX50,3.7,6,SemiAuto-7,4WD,Gasoline,FA,B5,Federal Tier 2 Bin 5,FNSXV03.7GAB,station wagon,5,17,24,20,5,No,447,INFINITI
INFINITI QX60,3.5,6,SCV-7,4WD,Gasoline,FA,B5,Federal Tier 2 Bin 5,FNSXT03.5G7A,small SUV,5,19,26,22,5,No,404,INFINITI
INFINITI QX60 Hybrid,2.5,4,SCV-7,4WD,Gasoline,FA,B5,Federal Tier 2 Bin 5,FNSXT02.5GFA,standard SUV,5,25,28,26,6,No,342,INFINITI
INFINITI QX70,3.7,6,SemiAuto-7,4WD,Gasoline,FA,B5,Federal Tier 2 Bin 5,FNSXT03.7GAA,small SUV,5,16,22,18,4,No,486,INFINITI
INFINITI QX80,5.6,8,SemiAuto-7,4WD,Gasoline,FA,B5,Federal Tier 2 Bin 5,FNSXT05.6G9C,standard SUV,5,14,20,16,3,No,556,INFINITI
JAGUAR F-Type Convertible,3,6,SemiAuto-8,2WD,Gasoline,FA,B5,Federal Tier 2 Bin 5,FJLXV03.0FSM,small car,5,20,28,23,5,No,389,JAGUAR
JAGUAR F-Type Coupe,3,6,SemiAuto-8,2WD,Gasoline,FA,B5,Federal Tier 2 Bin 5,FJLXV03.0FSM,small car,5,20,28,23,5,No,389,JAGUAR
JAGUAR F-Type R Coupe,5,8,SemiAuto-8,2WD,Gasoline,FA,B5,Federal Tier 2 Bin 5,FJLXV05.0FAM,small car,5,16,23,18,4,No,487,JAGUAR
JAGUAR F-Type S Convertible,3,6,SemiAuto-8,2WD,Gasoline,FA,B5,Federal Tier 2 Bin 5,FJLXV03.0FSM,small car,5,19,27,22,5,No,403,JAGUAR
JAGUAR F-Type S Coupe,3,6,SemiAuto-8,2WD,Gasoline,FA,B5,Federal Tier 2 Bin 5,FJLXV03.0FSM,small car,5,19,27,22,5,No,403,JAGUAR
JAGUAR F-Type V8 S Convertible,5,8,SemiAuto-8,2WD,Gasoline,FA,B5,Federal Tier 2 Bin 5,FJLXV05.0FAM,small car,5,16,23,18,4,No,487,JAGUAR
JAGUAR XF,2,4,SemiAuto-8,2WD,Gasoline,FA,B5,Federal Tier 2 Bin 5,FJLXV02.0FTN,midsize car,5,19,30,23,5,No,387,JAGUAR
JAGUAR XJ,3,6,SemiAuto-8,4WD,Gasoline,FA,B5,Federal Tier 2 Bin 5,FJLXV03.0FSM,large car,5,16,24,19,4,No,468,JAGUAR
JAGUAR XJL,3,6,SemiAuto-8,4WD,Gasoline,FA,B5,Federal Tier 2 Bin 5,FJLXV03.0FSM,large car,5,16,24,19,4,No,471,JAGUAR
JAGUAR XK,5,8,SemiAuto-6,2WD,Gasoline,FA,B5,Federal Tier 2 Bin 5,FJLXV05.0EAL,small car,5,15,22,18,4,No,508,JAGUAR
JAGUAR XK Convertible,5,8,SemiAuto-6,2WD,Gasoline,FA,B5,Federal Tier 2 Bin 5,FJLXV05.0EAL,small car,5,15,22,17,4,No,515,JAGUAR
JEEP Cherokee,2.4,4,Auto-9,4WD,Gasoline,FC,B4,Federal Tier 2 Bin 4,FCRXJ02.45P0,small SUV,6,21,28,24,6,No,376,JEEP
JEEP Cherokee 4x4 Active Drive II,2.4,4,Auto-9,4WD,Gasoline,CA,L3SULEV30,California LEV-III SULEV30,FCRXJ02.4CP0,small SUV,8,21,27,23,5,No,383,JEEP
JEEP Cherokee Trailhawk,2.4,4,Auto-9,4WD,Gasoline,CA,L3SULEV30,California LEV-III SULEV30,FCRXJ02.4CP0,small SUV,8,19,25,22,5,No,410,JEEP
JEEP Compass,2,4,CVT,2WD,Gasoline,FC,B4,Federal Tier 2 Bin 4,FCRXJ02.45P0,small SUV,6,22,27,24,6,No,373,JEEP
JEEP Grand Cherokee,5.7,8,Auto-8,4WD,Gasoline,FC,B4,Federal Tier 2 Bin 4,FCRXT05.75P0,standard SUV,6,14,20,16,3,No,560,JEEP
JEEP Grand Cherokee SRT8,6.4,8,Auto-8,4WD,Gasoline,FA,B5,Federal Tier 2 Bin 5,FCRXT06.45P0,standard SUV,5,13,19,15,3,No,595,JEEP
JEEP Patriot,2,4,CVT,2WD,Gasoline,FC,B4,Federal Tier 2 Bin 4,FCRXJ02.45P0,small SUV,6,22,27,24,6,No,373,JEEP
JEEP Wrangler,3.6,6,Auto-5,4WD,Gasoline,FC,B4,Federal Tier 2 Bin 4,FCRXJ03.65P0,small SUV,6,17,21,18,4,No,482,JEEP
JEEP Wrangler Unlimited,3.6,6,Auto-5,4WD,Gasoline,FC,B4,Federal Tier 2 Bin 4,FCRXJ03.65P0,small SUV,6,16,20,18,4,No,505,JEEP
KIA Cadenza,3.3,6,Auto-6,2WD,Gasoline,FA,B5,Federal Tier 2 Bin 5,FKMXV03.34KE,large car,5,19,28,22,5,No,404,KIA
KIA Forte,1.8,4,Man-6,2WD,Gasoline,FA,B5,Federal Tier 2 Bin 5,FKMXV01.84EE,midsize car,5,25,37,30,7,No,299,KIA
KIA Forte 5,1.6,4,Man-6,2WD,Gasoline,FA,B5,Federal Tier 2 Bin 5,FKMXV01.64DE,large car,5,21,29,24,6,No,365,KIA
KIA Forte Koup,1.6,4,Man-6,2WD,Gasoline,FA,B5,Federal Tier 2 Bin 5,FKMXV01.64DE,small car,5,22,29,25,6,No,357,KIA
KIA K900,3.8,6,Auto-8,2WD,Gasoline,FA,B5,Federal Tier 2 Bin 5,FKMXV03.84LE,large car,5,18,27,21,5,No,427,KIA
KIA Optima,2,4,SemiAuto-6,2WD,Gasoline,FA,B5,Federal Tier 2 Bin 5,FKMXV02.04GE,midsize car,5,20,31,24,6,No,369,KIA
KIA Optima Hybrid,2.4,4,AutoMan-6,2WD,Gasoline,FA,B2,Federal Tier 2 Bin 2,FHYXV02.4AKN,midsize car,9,36,40,38,9,Yes,237,KIA
KIA Optima Hybrid EX,2.4,4,AutoMan-6,2WD,Gasoline,FA,B2,Federal Tier 2 Bin 2,FHYXV02.4AKN,midsize car,9,35,39,37,9,Yes,242,KIA
KIA Rio,1.6,4,Man-6,2WD,Gasoline,FA,B5,Federal Tier 2 Bin 5,FKMXV01.6DBE,small car,5,27,37,31,8,Yes,285,KIA
KIA Rio ECO,1.6,4,SemiAuto-6,2WD,Gasoline,FA,B5,Federal Tier 2 Bin 5,FKMXV01.6DBE,small car,5,28,37,31,8,Yes,281,KIA
KIA Sedona,3.3,6,SemiAuto-6,2WD,Gasoline,FA,B5,Federal Tier 2 Bin 5,FKMXT03.34SE,minivan,5,18,24,20,5,No,442,KIA
KIA Sedona SX,3.3,6,SemiAuto-6,2WD,Gasoline,FA,B5,Federal Tier 2 Bin 5,FKMXT03.34SE,minivan,5,18,25,21,5,No,432,KIA
KIA Sedona SXL,3.3,6,SemiAuto-6,2WD,Gasoline,FA,B5,Federal Tier 2 Bin 5,FKMXT03.34SE,minivan,5,17,22,19,4,No,476,KIA
KIA Sorento,2.4,4,Auto-6,4WD,Gasoline,FA,B5,Federal Tier 2 Bin 5,FKMXV02.44PE,small SUV,5,19,25,22,5,No,408,KIA
KIA Soul,1.6,4,Man-6,2WD,Gasoline,FA,B5,Federal Tier 2 Bin 5,FKMXV01.6DBE,station wagon,5,24,30,26,6,No,335,KIA
KIA Soul ECO dynamics,2,4,SemiAuto-6,2WD,Gasoline,FA,B5,Federal Tier 2 Bin 5,FKMXV02.04CE,station wagon,5,24,31,27,7,No,334,KIA
KIA Sportage,2,4,Auto-6,4WD,Gasoline,FA,B5,Federal Tier 2 Bin 5,FKMXT02.04ME,small SUV,5,19,24,21,5,No,421,KIA
LAMBORGHINI Aventador Coupe,6.5,12,AMS-7,4WD,Gasoline,FA,B5,Federal Tier 2 Bin 5,FVGAV06.5LLR,small car,5,11,18,13,1,No,676,LAMBORGHINI
LAMBORGHINI Aventador Roadster,6.5,12,AMS-7,4WD,Gasoline,FA,B5,Federal Tier 2 Bin 5,FVGAV06.5LLR,small car,5,10,16,12,1,No,742,LAMBORGHINI
LAMBORGHINI Huracan,5.2,10,AMS-7,4WD,Gasoline,FA,B5,Federal Tier 2 Bin 5,FVGAV05.2NLE,small car,5,14,20,16,3,No,544,LAMBORGHINI
LAMBORGHINI Veneno Roadster,6.5,12,AMS-7,4WD,Gasoline,FA,B5,Federal Tier 2 Bin 5,FVGAV06.5LLR,small car,5,11,17,13,1,No,692,LAMBORGHINI
LAND ROVER LR2,2,4,SemiAuto-9,4WD,Gasoline,FA,B5,Federal Tier 2 Bin 5,FJLXT02.0001,small SUV,5,17,24,20,5,No,450,LAND ROVER
LAND ROVER Land Rover LR4,3,6,SemiAuto-8,4WD,Gasoline,FA,B5,Federal Tier 2 Bin 5,FJLXT03.0001,standard SUV,5,15,19,16,3,No,540,LAND ROVER
LAND ROVER Range Rover,3,6,SemiAuto-8,4WD,Gasoline,FA,B3,Federal Tier 2 Bin 3,FJLXT03.0FSP,standard SUV,7,17,23,19,4,No,466,LAND ROVER
LAND ROVER Range Rover Evoque,2,4,SemiAuto-9,4WD,Gasoline,FA,B3,Federal Tier 2 Bin 3,FJLXT02.0FTP,small SUV,7,21,30,24,6,No,369,LAND ROVER
LAND ROVER Range Rover LWB,3,6,SemiAuto-8,4WD,Gasoline,FA,B3,Federal Tier 2 Bin 3,FJLXT03.0FSP,standard SUV,7,17,23,19,4,No,466,LAND ROVER
LAND ROVER Range Rover Sport,3,6,SemiAuto-8,4WD,Gasoline,FA,B3,Federal Tier 2 Bin 3,FJLXT03.0FSP,standard SUV,7,17,22,19,4,No,469,LAND ROVER
LEXUS CT 200h,1.8,4,CVT,2WD,Gasoline,FA,B3,Federal Tier 2 Bin 3,FTYXV01.8CCU,small car,7,43,40,42,9,Yes,211,LEXUS
LEXUS ES 300h,2.5,4,SCV-6,2WD,Gasoline,FA,B3,Federal Tier 2 Bin 3,FTYXV02.5CC4,midsize car,7,40,39,40,9,Yes,223,LEXUS
LEXUS ES 350,3.5,6,SemiAuto-6,2WD,Gasoline,FA,B5,Federal Tier 2 Bin 5,FTYXV03.5BEC,midsize car,5,21,31,24,6,No,361,LEXUS
LEXUS GS 350,3.5,6,SemiAuto-6,4WD,Gasoline,FA,B5,Federal Tier 2 Bin 5,FTYXV03.5BEB,midsize car,5,19,26,21,5,No,413,LEXUS
LEXUS GS 450h,3.5,6,SCV-8,2WD,Gasoline,FA,B3,Federal Tier 2 Bin 3,FTYXV03.5CC4,midsize car,7,29,34,31,8,Yes,283,LEXUS
LEXUS GX 460,4.6,8,SemiAuto-6,4WD,Gasoline,FA,B5,Federal Tier 2 Bin 5,FTYXT04.6BEX,standard SUV,5,15,20,17,4,No,518,LEXUS
LEXUS IS 250,2.5,6,SemiAuto-6,4WD,Gasoline,FA,B5,Federal Tier 2 Bin 5,FTYXV02.5BEC,small car,5,20,27,23,5,No,389,LEXUS
LEXUS IS 250 C,2.5,6,SemiAuto-6,2WD,Gasoline,FA,B5,Federal Tier 2 Bin 5,FTYXV02.5BEC,small car,5,21,30,24,6,No,359,LEXUS
LEXUS IS 350,3.5,6,SemiAuto-6,4WD,Gasoline,FA,B5,Federal Tier 2 Bin 5,FTYXV03.5BEB,small car,5,19,26,21,5,No,413,LEXUS
LEXUS IS 350C,3.5,6,SemiAuto-6,2WD,Gasoline,FA,B5,Federal Tier 2 Bin 5,FTYXV03.5BEB,small car,5,19,27,22,5,No,400,LEXUS
LEXUS LS 460,4.6,8,SemiAuto-8,4WD,Gasoline,FA,B5,Federal Tier 2 Bin 5,FTYXV04.6BEA,midsize car,5,16,23,18,4,No,486,LEXUS
LEXUS LS 460 L,4.6,8,SemiAuto-8,4WD,Gasoline,FA,B5,Federal Tier 2 Bin 5,FTYXV04.6BEA,midsize car,5,16,23,18,4,No,486,LEXUS
LEXUS LS 600h L,5,8,SCV-8,4WD,Gasoline,FA,B3,Federal Tier 2 Bin 3,FTYXV05.0CC4,midsize car,7,19,23,20,5,No,432,LEXUS
LEXUS LX 570,5.7,8,SemiAuto-6,4WD,Gasoline,FA,B5,Federal Tier 2 Bin 5,FTYXT05.7BEY,standard SUV,5,12,17,14,2,No,623,LEXUS
LEXUS NX 300h,2.5,4,SCV-6,4WD,Gasoline,FA,B3,Federal Tier 2 Bin 3,FTYXT02.5PCM,small SUV,7,33,30,32,8,Yes,276,LEXUS
LEXUS RC 350,3.5,6,SemiAuto-6,4WD,Gasoline,FA,B5,Federal Tier 2 Bin 5,FTYXV03.5BEB,small car,5,19,26,21,5,No,413,LEXUS
LEXUS RC F,5,8,SemiAuto-8,2WD,Gasoline,FA,B5,Federal Tier 2 Bin 5,FTYXV05.0MEA,small car,5,16,25,19,4,No,465,LEXUS
LEXUS RX 350,3.5,6,SemiAuto-6,4WD,Gasoline,FA,B5,Federal Tier 2 Bin 5,FTYXT03.5BER,small SUV,5,18,24,20,5,No,445,LEXUS
LEXUS RX 450h,3.5,6,SCV-6,4WD,Gasoline,FA,B3,Federal Tier 2 Bin 3,FTYXT03.5CC4,small SUV,7,30,28,29,7,Yes,309,LEXUS
LINCOLN MKC,2,4,SemiAuto-6,4WD,Gasoline,FA,B5,Federal Tier 2 Bin 5,FFMXT02.02E3,small SUV,5,19,26,22,5,No,404,LINCOLN
LINCOLN MKS,3.5,6,SemiAuto-6,4WD,Gasoline,FA,B5,Federal Tier 2 Bin 5,FFMXV03.5VEP,large car,5,17,25,20,5,No,449,LINCOLN
LINCOLN MKX,3.7,6,SemiAuto-6,4WD,Gasoline,FA,B5,Federal Tier 2 Bin 5,FFMXT03.72EE,small SUV,5,17,23,19,4,No,459,LINCOLN
LINCOLN MKZ,2,4,SemiAuto-6,4WD,Gasoline,FA,B5,Federal Tier 2 Bin 5,FFMXV02.0VEM,midsize car,5,22,31,25,6,No,354,LINCOLN
LINCOLN MKZ Hybrid,2,4,CVT,2WD,Gasoline,FC,B3,Federal Tier 2 Bin 3,FFMXV02.0VZN,midsize car,7,41,39,40,9,Yes,222,LINCOLN
LINCOLN Navigator,3.5,6,SemiAuto-6,4WD,Gasoline,FA,B5,Federal Tier 2 Bin 5,FFMXT03.54HE,standard SUV,5,15,20,17,4,No,537,LINCOLN
LINCOLN Navigator L,3.5,6,SemiAuto-6,4WD,Gasoline,FA,B5,Federal Tier 2 Bin 5,FFMXT03.54HE,standard SUV,5,15,19,16,3,No,546,LINCOLN
MASERATI Ghibli,3,6,Auto-8,4WD,Gasoline,FA,B5,Federal Tier 2 Bin 5,FMAXV03.0DFI,midsize car,5,15,25,18,4,No,488,MASERATI
MASERATI Granturismo,4.7,8,Auto-6,2WD,Gasoline,FA,B5,Federal Tier 2 Bin 5,FMAXV04.7LEV,small car,5,13,21,16,3,No,574,MASERATI
MASERATI Granturismo Convertible,4.7,8,Auto-6,2WD,Gasoline,FA,B5,Federal Tier 2 Bin 5,FMAXV04.7LEV,small car,5,13,20,15,3,No,579,MASERATI
MASERATI Quattroporte GTS,3.8,8,Auto-8,2WD,Gasoline,FA,B5,Federal Tier 2 Bin 5,FMAXV03.8DFI,large car,5,13,22,16,3,No,548,MASERATI
MASERATI Quattroporte SQ4,3,6,Auto-8,4WD,Gasoline,FA,B5,Federal Tier 2 Bin 5,FMAXV03.0DFI,large car,5,15,24,18,4,No,493,MASERATI
MAZDA 3,2,4,Man-6,2WD,Gasoline,FA,B5,Federal Tier 2 Bin 5,FTKXV02.05NM,midsize car,5,29,40,33,8,Yes,269,MAZDA
MAZDA 5,2.5,4,SemiAuto-5,2WD,Gasoline,FA,B5,Federal Tier 2 Bin 5,FTKXV02.55BB,minivan,5,21,28,24,6,No,370,MAZDA
MAZDA 6,2.5,4,Man-6,2WD,Gasoline,FA,B5,Federal Tier 2 Bin 5,FTKXV02.55BA,midsize car,5,25,37,29,7,No,304,MAZDA
MAZDA CX-5 2WD,2,4,Man-6,2WD,Gasoline,FA,B5,Federal Tier 2 Bin 5,FTKXT02.05BA,small SUV,5,26,35,29,7,No,302,MAZDA
MAZDA CX-5 4WD,2,4,SemiAuto-6,4WD,Gasoline,FA,B5,Federal Tier 2 Bin 5,FTKXT02.05BA,small SUV,5,25,31,28,7,No,321,MAZDA
MAZDA CX-9,3.7,6,SemiAuto-6,4WD,Gasoline,FA,B5,Federal Tier 2 Bin 5,FTKXT03.75BA,small SUV,5,16,22,18,4,No,480,MAZDA
MAZDA MX-5,2,4,Man-6,2WD,Gasoline,FA,B5,Federal Tier 2 Bin 5,FTKXV02.05BB,small car,5,21,28,24,6,No,368,MAZDA
MERCEDES-BENZ C250,1.8,4,Auto-7,2WD,Gasoline,FA,B5,Federal Tier 2 Bin 5,FMBXV01.8U2A,small car,5,22,31,25,6,No,353,MERCEDES-BENZ
MERCEDES-BENZ C300 4Matic,2,4,Auto-7,4WD,Gasoline,FA,B5,Federal Tier 2 Bin 5,FMBXV02.0U2D,small car,5,24,31,27,7,No,330,MERCEDES-BENZ
MERCEDES-BENZ C350,3.5,6,Auto-7,2WD,Gasoline,FA,B5,Federal Tier 2 Bin 5,FMBXV03.5U2A,small car,5,20,28,23,5,No,382,MERCEDES-BENZ
MERCEDES-BENZ C350 4Matic (Coupe),3.5,6,Auto-7,4WD,Gasoline,FA,B5,Federal Tier 2 Bin 5,FMBXV03.5U2C,small car,5,19,27,22,5,No,398,MERCEDES-BENZ
MERCEDES-BENZ C400 4Matic,3,8,Auto-7,4WD,Gasoline,FA,B5,Federal Tier 2 Bin 5,FMBXV03.0U2A,small car,5,21,29,24,6,No,372,MERCEDES-BENZ
MERCEDES-BENZ C63 AMG,6.2,8,Auto-7,2WD,Gasoline,FA,B5,Federal Tier 2 Bin 5,FMBXV06.2U2A,small car,5,13,19,15,3,No,578,MERCEDES-BENZ
MERCEDES-BENZ CLS400,3,8,Auto-7,2WD,Gasoline,FA,B5,Federal Tier 2 Bin 5,FMBXV03.0U2A,small car,5,20,30,24,6,No,375,MERCEDES-BENZ
MERCEDES-BENZ CLS400 4Matic,3,8,Auto-7,4WD,Gasoline,FA,B5,Federal Tier 2 Bin 5,FMBXV03.0U2A,small car,5,20,28,22,5,No,395,MERCEDES-BENZ
MERCEDES-BENZ CLS550,4.7,8,Auto-9,2WD,Gasoline,FA,B5,Federal Tier 2 Bin 5,FMBXV05.5U2A,small car,5,17,26,21,5,No,432,MERCEDES-BENZ
MERCEDES-BENZ CLS550 4Matic,4.7,8,Auto-7,4WD,Gasoline,FA,B5,Federal Tier 2 Bin 5,FMBXV05.5U2A,small car,5,17,24,19,4,No,462,MERCEDES-BENZ
MERCEDES-BENZ CLS63 AMG S 4Matic,5.5,8,Auto-7,4WD,Gasoline,FA,B5,Federal Tier 2 Bin 5,FMBXV05.5U2A,small car,5,16,22,18,4,No,496,MERCEDES-BENZ
MERCEDES-BENZ E350,3.5,6,Auto-7,2WD,Gasoline,FA,B5,Federal Tier 2 Bin 5,FMBXV03.5U2A,small car,5,19,28,22,5,No,397,MERCEDES-BENZ
MERCEDES-BENZ E350 4Matic,3.5,6,Auto-7,4WD,Gasoline,FA,B5,Federal Tier 2 Bin 5,FMBXV03.5U2A,midsize car,5,20,28,23,5,No,382,MERCEDES-BENZ
MERCEDES-BENZ E350 4Matic Wagon,3.5,6,Auto-7,4WD,Gasoline,FA,B5,Federal Tier 2 Bin 5,FMBXV03.5U2A,station wagon,5,20,27,22,5,No,394,MERCEDES-BENZ
MERCEDES-BENZ E350 Convertible,3.5,6,Auto-7,2WD,Gasoline,FA,B5,Federal Tier 2 Bin 5,FMBXV03.5U2A,small car,5,20,28,23,5,No,390,MERCEDES-BENZ
MERCEDES-BENZ E400,3,8,Auto-7,2WD,Gasoline,FA,B5,Federal Tier 2 Bin 5,FMBXV03.0U2A,midsize car,5,20,29,23,5,No,378,MERCEDES-BENZ
MERCEDES-BENZ E400 4Matic,3,8,Auto-7,4WD,Gasoline,FA,B5,Federal Tier 2 Bin 5,FMBXV03.0U2A,midsize car,5,20,28,23,5,No,393,MERCEDES-BENZ
MERCEDES-BENZ E400 4Matic Wagon,3,8,Auto-7,4WD,Gasoline,FA,B5,Federal Tier 2 Bin 5,FMBXV03.0U2A,station wagon,5,19,27,22,5,No,408,MERCEDES-BENZ
MERCEDES-BENZ E400 Convertible,3,8,Auto-7,2WD,Gasoline,FA,B5,Federal Tier 2 Bin 5,FMBXV03.0U2A,small car,5,20,29,24,6,No,374,MERCEDES-BENZ
MERCEDES-BENZ E400 Hybrid,3.5,6,Auto-7,2WD,Gasoline,FA,B4,Federal Tier 2 Bin 4,FMBXV03.5HY1,midsize car,6,24,29,26,6,No,347,MERCEDES-BENZ
MERCEDES-BENZ E550,4.7,8,Auto-7,2WD,Gasoline,FA,B5,Federal Tier 2 Bin 5,FMBXV05.5U2A,small car,5,18,26,21,5,No,430,MERCEDES-BENZ
MERCEDES-BENZ E550 Convertible,4.7,8,Auto-7,2WD,Gasoline,FA,B5,Federal Tier 2 Bin 5,FMBXV05.5U2A,small car,5,17,26,20,5,No,442,MERCEDES-BENZ
MERCEDES-BENZ E63 AMG 4Matic,5.5,8,Auto-7,4WD,Gasoline,FA,B5,Federal Tier 2 Bin 5,FMBXV05.5U2A,midsize car,5,16,23,19,4,No,475,MERCEDES-BENZ
MERCEDES-BENZ E63 AMG S 4Matic,5.5,8,Auto-7,4WD,Gasoline,FA,B5,Federal Tier 2 Bin 5,FMBXV05.5U2A,station wagon,5,15,21,18,4,No,498,MERCEDES-BENZ
MERCEDES-BENZ G550,5.5,8,Auto-7,4WD,Gasoline,FA,B5,Federal Tier 2 Bin 5,FMBXT05.5U2B,standard SUV,5,12,15,13,1,No,686,MERCEDES-BENZ
MERCEDES-BENZ G63 AMG,5.5,8,Auto-7,4WD,Gasoline,FA,B5,Federal Tier 2 Bin 5,FMBXT05.5U2A,standard SUV,5,12,14,13,1,No,696,MERCEDES-BENZ
MERCEDES-BENZ GL450 4Matic,3,6,Auto-7,4WD,Gasoline,FA,B5,Federal Tier 2 Bin 5,FMBXT03.0U2B,standard SUV,5,17,21,19,4,No,480,MERCEDES-BENZ
MERCEDES-BENZ GL550 4Matic,4.7,8,Auto-7,4WD,Gasoline,FA,B5,Federal Tier 2 Bin 5,FMBXT05.5U2A,standard SUV,5,13,18,15,3,No,587,MERCEDES-BENZ
MERCEDES-BENZ GL63 AMG,5.5,8,Auto-7,4WD,Gasoline,FA,B5,Federal Tier 2 Bin 5,FMBXT05.5U2A,standard SUV,5,13,17,14,2,No,615,MERCEDES-BENZ
MERCEDES-BENZ GLA250 4Matic,2,4,AutoMan-7,4WD,Gasoline,FA,B5,Federal Tier 2 Bin 5,FMBXJ02.0U2A,small SUV,5,24,32,27,7,No,327,MERCEDES-BENZ
MERCEDES-BENZ GLA45 AMG 4Matic,2,4,AutoMan-7,4WD,Gasoline,FA,B5,Federal Tier 2 Bin 5,FMBXV02.0U2C,station wagon,5,23,29,25,6,No,350,MERCEDES-BENZ
MERCEDES-BENZ GLK350,3.5,6,Auto-7,2WD,Gasoline,FA,B4,Federal Tier 2 Bin 4,FMBXJ03.5S2A,small SUV,6,19,26,22,5,No,413,MERCEDES-BENZ
MERCEDES-BENZ GLK350 4Matic,3.5,6,Auto-7,4WD,Gasoline,FA,B4,Federal Tier 2 Bin 4,FMBXJ03.5S2A,small SUV,6,18,24,20,5,No,444,MERCEDES-BENZ
MERCEDES-BENZ ML350,3.5,6,Auto-7,2WD,Gasoline,FA,B5,Federal Tier 2 Bin 5,FMBXT03.5U2A,standard SUV,5,18,24,20,5,No,440,MERCEDES-BENZ
MERCEDES-BENZ ML350 4Matic,3.5,6,Auto-7,4WD,Gasoline,FA,B5,Federal Tier 2 Bin 5,FMBXT03.5U2A,standard SUV,5,17,22,19,4,No,456,MERCEDES-BENZ
MERCEDES-BENZ ML400 4Matic,3,6,Auto-7,4WD,Gasoline,FA,B5,Federal Tier 2 Bin 5,FMBXT03.0U2B,standard SUV,5,18,22,20,5,No,454,MERCEDES-BENZ
MERCEDES-BENZ ML63 AMG,5.5,8,Auto-7,4WD,Gasoline,FA,B5,Federal Tier 2 Bin 5,FMBXT05.5U2A,standard SUV,5,13,17,15,3,No,611,MERCEDES-BENZ
MERCEDES-BENZ S550,4.7,8,Auto-7,2WD,Gasoline,FA,B5,Federal Tier 2 Bin 5,FMBXV05.5U2A,large car,5,17,26,20,5,No,444,MERCEDES-BENZ
MERCEDES-BENZ S550 4Matic,4.7,8,Auto-7,4WD,Gasoline,FA,B5,Federal Tier 2 Bin 5,FMBXV05.5U2A,small car,5,16,24,19,4,No,465,MERCEDES-BENZ
MERCEDES-BENZ S600,6,12,Auto-7,2WD,Gasoline,FA,B5,Federal Tier 2 Bin 5,FMBXV06.0U2A,large car,5,13,21,15,3,No,574,MERCEDES-BENZ
MERCEDES-BENZ S63 AMG 4Matic,5.5,8,Auto-7,4WD,Gasoline,FA,B5,Federal Tier 2 Bin 5,FMBXV05.5U2A,small car,5,15,23,18,4,No,490,MERCEDES-BENZ
MERCEDES-BENZ S65 AMG,6,12,Auto-7,2WD,Gasoline,FA,B5,Federal Tier 2 Bin 5,FMBXV06.0U2A,large car,5,13,20,15,3,No,581,MERCEDES-BENZ
MERCEDES-BENZ SL400,3,8,Auto-7,2WD,Gasoline,FA,B5,Federal Tier 2 Bin 5,FMBXV03.0U2A,small car,5,20,27,23,5,No,392,MERCEDES-BENZ
MERCEDES-BENZ SL550,4.7,8,Auto-7,2WD,Gasoline,FA,B5,Federal Tier 2 Bin 5,FMBXV05.5U2A,small car,5,17,24,20,5,No,442,MERCEDES-BENZ
MERCEDES-BENZ SL63 AMG,5.5,8,Auto-7,2WD,Gasoline,FA,B5,Federal Tier 2 Bin 5,FMBXV05.5U2A,small car,5,16,25,19,4,No,468,MERCEDES-BENZ
MERCEDES-BENZ SL65 AMG,6,12,Auto-7,2WD,Gasoline,FA,B5,Federal Tier 2 Bin 5,FMBXV06.0U2A,small car,5,14,21,17,4,No,539,MERCEDES-BENZ
MERCEDES-BENZ SLK 250,1.8,4,Auto-7,2WD,Gasoline,FA,B5,Federal Tier 2 Bin 5,FMBXV01.8U2A,small car,5,23,33,26,6,No,339,MERCEDES-BENZ
MERCEDES-BENZ SLK350,3.5,6,Auto-7,2WD,Gasoline,FA,B5,Federal Tier 2 Bin 5,FMBXV03.5U2C,small car,5,21,29,24,6,No,368,MERCEDES-BENZ
MERCEDES-BENZ SLK55 AMG,5.5,8,Auto-7,2WD,Gasoline,FA,B5,Federal Tier 2 Bin 5,FMBXV05.5U2A,small car,5,19,28,22,5,No,401,MERCEDES-BENZ
MERCEDES-BENZ SLS AMG GT,6.2,8,AutoMan-7,2WD,Gasoline,FA,B5,Federal Tier 2 Bin 5,FMBXV06.2U2A,small car,5,13,19,15,3,No,592,MERCEDES-BENZ
MERCEDES-BENZ SLS AMG GT Roadster,6.2,8,AutoMan-7,2WD,Gasoline,FA,B5,Federal Tier 2 Bin 5,FMBXV06.2U2A,small car,5,13,19,15,3,No,592,MERCEDES-BENZ
MINI Cooper,1.5,3,Man-6,2WD,Gasoline,FA,B5,Federal Tier 2 Bin 5,FBMXV01.5B38,small car,5,29,40,33,8,Yes,270,MINI
MINI Cooper Convertible,1.6,4,Man-6,2WD,Gasoline,FA,B5,Federal Tier 2 Bin 5,FBMXV01.6N16,small car,5,27,34,30,7,No,298,MINI
MINI Cooper Countryman,1.6,4,Man-6,2WD,Gasoline,FA,B5,Federal Tier 2 Bin 5,FBMXV01.6N16,small car,5,27,34,30,7,No,298,MINI
MINI Cooper Paceman,1.6,4,Man-6,2WD,Gasoline,FA,B5,Federal Tier 2 Bin 5,FBMXV01.6N16,small car,5,27,34,30,7,No,298,MINI
MINI Cooper Roadster,1.6,4,Man-6,2WD,Gasoline,FA,B5,Federal Tier 2 Bin 5,FBMXV01.6N16,small car,5,27,34,30,7,No,298,MINI
MINI Cooper S,1.6,4,Man-6,2WD,Gasoline,FA,B5,Federal Tier 2 Bin 5,FBMXV01.6N18,small car,5,26,35,29,7,No,302,MINI
MINI Cooper S Convertible,1.6,4,Man-6,2WD,Gasoline,FA,B5,Federal Tier 2 Bin 5,FBMXV01.6N18,small car,5,26,35,29,7,No,302,MINI
MINI Cooper S Countryman,1.6,4,Man-6,4WD,Gasoline,FA,B5,Federal Tier 2 Bin 5,FBMXV01.6N18,small car,5,25,31,27,7,No,323,MINI
MINI Cooper S Paceman,1.6,4,Man-6,4WD,Gasoline,FA,B5,Federal Tier 2 Bin 5,FBMXV01.6N18,small car,5,25,31,27,7,No,323,MINI
MINI Cooper S Roadster,1.6,4,Man-6,2WD,Gasoline,FA,B5,Federal Tier 2 Bin 5,FBMXV01.6N18,small car,5,26,35,29,7,No,302,MINI
MINI Cooper Works,1.6,4,Man-6,2WD,Gasoline,FA,B5,Federal Tier 2 Bin 5,FBMXV01.6N18,small car,5,26,35,29,7,No,302,MINI
MINI Cooper Works Roadster,1.6,4,Man-6,2WD,Gasoline,FA,B5,Federal Tier 2 Bin 5,FBMXV01.6N18,small car,5,26,35,29,7,No,302,MINI
MINI John Cooper Works Convertible,1.6,4,Man-6,2WD,Gasoline,FA,B5,Federal Tier 2 Bin 5,FBMXV01.6N18,small car,5,26,35,29,7,No,302,MINI
MINI John Cooper Works Countryman,1.6,4,Man-6,4WD,Gasoline,FA,B5,Federal Tier 2 Bin 5,FBMXV01.6N18,small car,5,25,31,27,7,No,323,MINI
MINI John Cooper Works Paceman,1.6,4,Man-6,4WD,Gasoline,FA,B5,Federal Tier 2 Bin 5,FBMXV01.6N18,small car,5,25,31,27,7,No,323,MINI
MITSUBISHI Lancer,2,4,AutoMan-6,4WD,Gasoline,FA,B5,Federal Tier 2 Bin 5,FMTXV02.0GEX,small car,5,18,25,20,5,No,437,MITSUBISHI
MITSUBISHI Lancer Evolution,2,4,AutoMan-6,4WD,Gasoline,FA,B5,Federal Tier 2 Bin 5,FMTXV02.0GEX,small car,5,17,22,19,4,No,470,MITSUBISHI
MITSUBISHI Mirage,1.2,3,CVT,2WD,Gasoline,FA,B5,Federal Tier 2 Bin 5,FMTXV01.2GEX,small car,5,37,44,40,9,Yes,222,MITSUBISHI
MITSUBISHI Outlander,2.4,4,SCV-6,4WD,Gasoline,FA,B5,Federal Tier 2 Bin 5,FMTXT02.4GEY,small SUV,5,24,29,26,6,No,340,MITSUBISHI
MITSUBISHI Outlander Sport,2,4,Man-5,2WD,Gasoline,FA,B5,Federal Tier 2 Bin 5,FMTXT02.0GEW,small SUV,5,24,30,26,6,No,339,MITSUBISHI
McLAREN 650S Coupe,3.8,8,Auto-7,2WD,Gasoline,FA,B5,Federal Tier 2 Bin 5,FMLNV03.8MA1,small car,5,16,22,18,4,No,499,McLAREN
McLAREN 650S Spider,3.8,8,Auto-7,2WD,Gasoline,FA,B5,Federal Tier 2 Bin 5,FMLNV03.8MA1,small car,5,16,22,18,4,No,499,McLAREN
NISSAN 370Z,3.7,6,Man-6,2WD,Gasoline,FA,B5,Federal Tier 2 Bin 5,FNSXV03.7GAA,small car,5,18,26,21,5,No,432,NISSAN
NISSAN 370Z Roadster,3.7,6,Man-6,2WD,Gasoline,FA,B5,Federal Tier 2 Bin 5,FNSXV03.7GAA,small car,5,17,24,20,5,No,446,NISSAN
NISSAN Altima,2.5,4,CVT,2WD,Gasoline,CA,S2,California LEV-II SULEV,FNSXV02.585A,midsize car,8,27,38,31,8,Yes,284,NISSAN
NISSAN Armada,5.6,8,Auto-5,4WD,Gasoline,FA,B5,Federal Tier 2 Bin 5,FNSXT05.6G9A,standard SUV,5,12,18,14,2,No,628,NISSAN
NISSAN Frontier,2.5,4,Auto-5,2WD,Gasoline,FA,B5,Federal Tier 2 Bin 5,FNSXT02.5G5A,pickup,5,17,23,19,4,No,460,NISSAN
NISSAN GT-R,3.8,6,AutoMan-6,4WD,Gasoline,FA,B5,Federal Tier 2 Bin 5,FNSXV03.8GBA,small car,5,16,23,19,4,No,472,NISSAN
NISSAN NV200,2,4,CVT,2WD,Gasoline,FA,B5,Federal Tier 2 Bin 5,FNSXT02.0G2A,special purpose,5,24,26,25,6,No,353,NISSAN
NISSAN Pathfinder,3.5,6,CVT,4WD,Gasoline,FA,B5,Federal Tier 2 Bin 5,FNSXT03.5G7A,small SUV,5,19,26,22,5,No,404,NISSAN
NISSAN Pathfinder 4WD Platinum,3.5,6,CVT,4WD,Gasoline,FA,B5,Federal Tier 2 Bin 5,FNSXT03.5G7B,small SUV,5,19,26,21,5,No,422,NISSAN
NISSAN Pathfinder Hybrid,2.5,4,CVT,4WD,Gasoline,FA,B5,Federal Tier 2 Bin 5,FNSXT02.5GFA,standard SUV,5,25,27,26,6,No,342,NISSAN
NISSAN Quest,3.5,6,CVT,2WD,Gasoline,FA,B5,Federal Tier 2 Bin 5,FNSXT03.5G7A,minivan,5,20,27,22,5,No,398,NISSAN
NISSAN Rogue,2.5,4,CVT,4WD,Gasoline,FA,B5,Federal Tier 2 Bin 5,FNSXT02.5G5B,small SUV,5,25,32,28,7,No,323,NISSAN
NISSAN Versa,1.6,4,Auto-4,2WD,Gasoline,FA,B5,Federal Tier 2 Bin 5,FNSXV01.6G4A,small car,5,26,35,30,7,No,302,NISSAN
NISSAN Xterra,4,6,Auto-5,4WD,Gasoline,FA,B5,Federal Tier 2 Bin 5,FNSXT04.0G6A,small SUV,5,15,20,17,4,No,531,NISSAN
PORSCHE 911 Carrera,3.4,6,AMS-7,2WD,Gasoline,FA,B5,Federal Tier 2 Bin 5,FPRXV04.0C91,small car,5,20,28,23,5,No,384,PORSCHE
PORSCHE 911 Carrera 4,3.4,6,AMS-7,4WD,Gasoline,FA,B5,Federal Tier 2 Bin 5,FPRXV04.0C91,small car,5,20,28,23,5,No,387,PORSCHE
PORSCHE 911 Carrera 4 Cabriolet,3.4,6,AMS-7,4WD,Gasoline,FA,B5,Federal Tier 2 Bin 5,FPRXV04.0C91,small car,5,20,27,22,5,No,396,PORSCHE
PORSCHE 911 Carrera 4S,3.8,6,AMS-7,4WD,Gasoline,FA,B5,Federal Tier 2 Bin 5,FPRXV04.0C91,small car,5,19,26,22,5,No,406,PORSCHE
PORSCHE 911 Carrera 4S Cabriolet,3.8,6,AMS-7,4WD,Gasoline,FA,B5,Federal Tier 2 Bin 5,FPRXV04.0C91,small car,5,19,26,21,5,No,417,PORSCHE
PORSCHE 911 Carrera Cabriolet,3.4,6,AMS-7,2WD,Gasoline,FA,B5,Federal Tier 2 Bin 5,FPRXV04.0C91,small car,5,21,28,23,5,No,380,PORSCHE
PORSCHE 911 Carrera S,3.8,6,AMS-7,2WD,Gasoline,FA,B5,Federal Tier 2 Bin 5,FPRXV04.0C91,small car,5,19,27,22,5,No,398,PORSCHE
PORSCHE 911 Carrera S Cabriolet,3.8,6,AMS-7,2WD,Gasoline,FA,B5,Federal Tier 2 Bin 5,FPRXV04.0C91,small car,5,19,27,22,5,No,405,PORSCHE
PORSCHE 911 GT3,3.8,6,AMS-7,2WD,Gasoline,FA,B5,Federal Tier 2 Bin 5,FPRXV04.0C91,small car,5,15,20,17,4,No,529,PORSCHE
PORSCHE 911 Targa 4,3.4,6,AMS-7,4WD,Gasoline,FA,B5,Federal Tier 2 Bin 5,FPRXV04.0C91,small car,5,19,26,22,5,No,407,PORSCHE
PORSCHE 911 Targa 4S,3.8,6,AMS-7,4WD,Gasoline,FA,B5,Federal Tier 2 Bin 5,FPRXV04.0C91,small car,5,18,25,21,5,No,423,PORSCHE
PORSCHE 911 Turbo,3.8,6,AMS-7,4WD,Gasoline,FA,B5,Federal Tier 2 Bin 5,FPRXV04.0C91,small car,5,17,24,20,5,No,448,PORSCHE
PORSCHE 911 Turbo S,3.8,6,AMS-7,4WD,Gasoline,FA,B5,Federal Tier 2 Bin 5,FPRXV04.0C91,small car,5,17,24,20,5,No,448,PORSCHE
PORSCHE Boxster,2.7,6,AMS-7,2WD,Gasoline,FA,B5,Federal Tier 2 Bin 5,FPRXV02.7B81,small car,5,22,32,26,6,No,349,PORSCHE
PORSCHE Boxster GTS,3.4,6,AMS-7,2WD,Gasoline,FA,B5,Federal Tier 2 Bin 5,FPRXV03.4B81,small car,5,22,31,25,6,No,357,PORSCHE
PORSCHE Boxster S,3.4,6,AMS-7,2WD,Gasoline,FA,B5,Federal Tier 2 Bin 5,FPRXV03.4B81,small car,5,21,30,24,6,No,370,PORSCHE
PORSCHE Cayenne S,3.6,6,AutoMan-8,4WD,Gasoline,FA,B5,Federal Tier 2 Bin 5,FPRXT03.6MCS,standard SUV,5,17,24,20,5,No,452,PORSCHE
PORSCHE Cayenne Turbo,4.8,8,AutoMan-8,4WD,Gasoline,FA,B5,Federal Tier 2 Bin 5,FPRXT04.8CTD,standard SUV,5,14,21,17,4,No,537,PORSCHE
PORSCHE Cayman,2.7,6,AMS-7,2WD,Gasoline,FA,B5,Federal Tier 2 Bin 5,FPRXV02.7B81,small car,5,22,32,26,6,No,349,PORSCHE
PORSCHE Cayman GTS,3.4,6,AMS-7,2WD,Gasoline,FA,B5,Federal Tier 2 Bin 5,FPRXV03.4B81,small car,5,22,31,25,6,No,357,PORSCHE
PORSCHE Cayman S,3.4,6,AMS-7,2WD,Gasoline,FA,B5,Federal Tier 2 Bin 5,FPRXV03.4B81,small car,5,21,30,24,6,No,370,PORSCHE
PORSCHE Macan S,3,6,AMS-7,4WD,Gasoline,FA,B5,Federal Tier 2 Bin 5,FPRXT03.6MCS,small SUV,5,17,23,19,4,No,459,PORSCHE
PORSCHE Macan Turbo,3.6,6,AMS-7,4WD,Gasoline,FA,B5,Federal Tier 2 Bin 5,FPRXT03.6MT6,small SUV,5,17,23,19,4,No,467,PORSCHE
PORSCHE Panamera,3.6,6,AMS-7,2WD,Gasoline,FA,B5,Federal Tier 2 Bin 5,FPRXV03.6PV6,large car,5,18,28,22,5,No,411,PORSCHE
PORSCHE Panamera 4,3.6,6,AMS-7,4WD,Gasoline,FA,B5,Federal Tier 2 Bin 5,FPRXV03.6PV6,large car,5,18,27,21,5,No,421,PORSCHE
PORSCHE Panamera 4S,3,6,AMS-7,4WD,Gasoline,FA,B5,Federal Tier 2 Bin 5,FPRXV03.6PV6,large car,5,17,27,21,5,No,429,PORSCHE
PORSCHE Panamera 4S Executive,3,6,AMS-7,4WD,Gasoline,FA,B5,Federal Tier 2 Bin 5,FPRXV03.6PV6,large car,5,17,26,20,5,No,436,PORSCHE
PORSCHE Panamera GTS,4.8,8,AMS-7,4WD,Gasoline,FA,B5,Federal Tier 2 Bin 5,FPRXV04.8PS8,large car,5,16,24,19,4,No,480,PORSCHE
PORSCHE Panamera S,3,6,AMS-7,2WD,Gasoline,FA,B5,Federal Tier 2 Bin 5,FPRXV03.6PV6,large car,5,17,27,21,5,No,429,PORSCHE
PORSCHE Panamera Turbo,4.8,8,AMS-7,4WD,Gasoline,FA,B5,Federal Tier 2 Bin 5,FPRXV04.8PT8,large car,5,15,24,18,4,No,483,PORSCHE
PORSCHE Panamera Turbo Executive,4.8,8,AMS-7,4WD,Gasoline,FA,B5,Federal Tier 2 Bin 5,FPRXV04.8PT8,large car,5,15,24,18,4,No,488,PORSCHE
PORSCHE Panamera Turbo S,4.8,8,AMS-7,4WD,Gasoline,FA,B5,Federal Tier 2 Bin 5,FPRXV04.8PT8,large car,5,15,24,18,4,No,483,PORSCHE
PORSCHE Panamera Turbo S Executive,4.8,8,AMS-7,4WD,Gasoline,FA,B5,Federal Tier 2 Bin 5,FPRXV04.8PT8,large car,5,15,24,18,4,No,488,PORSCHE
RAM 1500,3.6,6,Auto-8,4WD,Gasoline,FC,B4,Federal Tier 2 Bin 4,FCRXT03.65P2,pickup,6,16,23,19,4,No,475,RAM
RAM 1500 HFE,3.6,6,Auto-8,2WD,Gasoline,FC,B4,Federal Tier 2 Bin 4,FCRXT03.65P2,pickup,6,18,25,21,5,No,425,RAM
RAM C/V Tradesman,3.6,6,Auto-6,2WD,Gasoline,FC,B4,Federal Tier 2 Bin 4,FCRXJ03.65P0,minivan,6,18,26,21,5,No,432,RAM
ROLLS-ROYCE Ghost,6.6,12,SemiAuto-8,2WD,Gasoline,FA,B5,Federal Tier 2 Bin 5,FRRGV06.6N74,large car,5,13,21,15,3,No,580,ROLLS-ROYCE
ROLLS-ROYCE Ghost EWB,6.6,12,SemiAuto-8,2WD,Gasoline,FA,B5,Federal Tier 2 Bin 5,FRRGV06.6N74,large car,5,13,21,15,3,No,580,ROLLS-ROYCE
ROLLS-ROYCE Phantom,6.7,12,SemiAuto-8,2WD,Gasoline,FA,B5,Federal Tier 2 Bin 5,FRRGV06.7LE2,large car,5,11,19,14,2,No,638,ROLLS-ROYCE
ROLLS-ROYCE Phantom Coupe,6.7,12,SemiAuto-8,2WD,Gasoline,FA,B5,Federal Tier 2 Bin 5,FRRGV06.7LE2,small car,5,11,19,14,2,No,638,ROLLS-ROYCE
ROLLS-ROYCE Phantom Drophead Coupe,6.7,12,SemiAuto-8,2WD,Gasoline,FA,B5,Federal Tier 2 Bin 5,FRRGV06.7LE2,small car,5,11,19,14,2,No,637,ROLLS-ROYCE
ROLLS-ROYCE Phantom EWB,6.7,12,SemiAuto-8,2WD,Gasoline,FA,B5,Federal Tier 2 Bin 5,FRRGV06.7LE2,large car,5,11,19,14,2,No,637,ROLLS-ROYCE
ROLLS-ROYCE Wraith,6.6,12,SemiAuto-8,2WD,Gasoline,FA,B5,Federal Tier 2 Bin 5,FRRGV06.6N74,midsize car,5,13,21,15,3,No,577,ROLLS-ROYCE
SCION FR-S,2,4,Man-6,2WD,Gasoline,FA,B5,Federal Tier 2 Bin 5,FFJXV02.0AJM,small car,5,22,30,25,6,No,360,SCION
SCION iQ,1.3,4,CVT,2WD,Gasoline,FA,B5,Federal Tier 2 Bin 5,FTYXV01.3BEA,small car,5,36,37,37,9,Yes,238,SCION
SCION tC,2.5,4,Man-6,2WD,Gasoline,FA,B5,Federal Tier 2 Bin 5,FTYXV02.5BEB,small car,5,23,31,26,6,No,339,SCION
SMART ForTwo Coupe,1,3,AutoMan-5,2WD,Gasoline,FA,B5,Federal Tier 2 Bin 5,FMBXV01.0U2A,small car,5,34,38,36,8,Yes,244,SMART
SUBARU BRZ,2,4,Man-6,2WD,Gasoline,FA,B5,Federal Tier 2 Bin 5,FFJXV02.0AJM,small car,5,22,30,25,6,No,360,SUBARU
SUBARU Forester,2,4,SCV-8,4WD,Gasoline,FA,B5,Federal Tier 2 Bin 5,FFJXJ02.0FPT,small SUV,5,23,28,25,6,No,357,SUBARU
SUBARU Impreza,2,4,Man-5,4WD,Gasoline,FA,B4,Federal Tier 2 Bin 4,FFJXJ02.5NKR,small car,6,25,34,28,7,Yes,314,SUBARU
SUBARU Impreza Sport,2,4,Man-5,4WD,Gasoline,FA,B4,Federal Tier 2 Bin 4,FFJXJ02.5NKR,station wagon,6,24,33,28,7,Yes,323,SUBARU
SUBARU Impreza Wagon,2,4,Man-5,4WD,Gasoline,FA,B4,Federal Tier 2 Bin 4,FFJXJ02.5NKR,station wagon,6,25,34,28,7,Yes,314,SUBARU
SUBARU Legacy,2.5,4,SCV-6,4WD,Gasoline,FA,B4,Federal Tier 2 Bin 4,FFJXJ02.5HRV,midsize car,6,26,36,30,7,Yes,298,SUBARU
SUBARU Outback,2.5,4,SCV-6,4WD,Gasoline,FA,B4,Federal Tier 2 Bin 4,FFJXJ02.5HRV,small SUV,6,25,33,28,7,Yes,315,SUBARU
SUBARU WRX,2,4,Man-6,4WD,Gasoline,FA,B5,Federal Tier 2 Bin 5,FFJXJ02.0FPT,small car,5,21,28,24,6,No,371,SUBARU
SUBARU XV Crosstrek,2,4,Man-5,4WD,Gasoline,FA,B4,Federal Tier 2 Bin 4,FFJXJ02.5NKR,small SUV,6,23,31,26,6,No,345,SUBARU
SUBARU XV Crosstrek Hybrid,2,4,SCV-6,4WD,Gasoline,FA,B3,Federal Tier 2 Bin 3,FFJXJ02.0GNS,small SUV,7,30,34,31,8,Yes,282,SUBARU
TOYOTA 4Runner,4,6,SemiAuto-5,4WD,Gasoline,FA,B5,Federal Tier 2 Bin 5,FTYXT04.0BES,standard SUV,5,17,21,18,4,No,478,TOYOTA
TOYOTA Avalon,3.5,6,SemiAuto-6,2WD,Gasoline,FA,B5,Federal Tier 2 Bin 5,FTYXV03.5BEC,midsize car,5,21,31,24,6,No,362,TOYOTA
TOYOTA Avalon Hybrid,2.5,4,SCV-6,2WD,Gasoline,FA,B3,Federal Tier 2 Bin 3,FTYXV02.5CC4,midsize car,7,40,39,40,9,Yes,223,TOYOTA
TOYOTA Camry,2.5,4,SemiAuto-6,2WD,Gasoline,FA,B5,Federal Tier 2 Bin 5,FTYXJ02.5BEL,midsize car,5,25,35,28,7,No,317,TOYOTA
TOYOTA Camry Hybrid LE,2.5,4,CVT,2WD,Gasoline,FA,B3,Federal Tier 2 Bin 3,FTYXV02.5HC3,midsize car,7,43,39,41,9,Yes,215,TOYOTA
TOYOTA Camry Hybrid XLE/SE,2.5,4,CVT,2WD,Gasoline,FA,B3,Federal Tier 2 Bin 3,FTYXV02.5HC3,midsize car,7,40,38,40,9,Yes,224,TOYOTA
TOYOTA Corolla,1.8,4,Auto-4,2WD,Gasoline,FA,B5,Federal Tier 2 Bin 5,FTYXV01.8BEC,midsize car,5,27,36,31,8,Yes,287,TOYOTA
TOYOTA Corolla LE Eco,1.8,4,CVT,2WD,Gasoline,FA,B5,Federal Tier 2 Bin 5,FTYXV01.8MEA,midsize car,5,30,40,34,8,Yes,260,TOYOTA
TOYOTA Highlander,2.7,4,SemiAuto-6,2WD,Gasoline,FA,B5,Federal Tier 2 Bin 5,FTYXT02.7BEN,small SUV,5,20,25,22,5,No,398,TOYOTA
TOYOTA Highlander Hybrid,3.5,6,SCV-6,4WD,Gasoline,FA,B3,Federal Tier 2 Bin 3,FTYXT03.5CCU,standard SUV,7,27,28,28,7,Yes,319,TOYOTA
TOYOTA Highlander Hybrid LE Plus,3.5,6,SCV-6,4WD,Gasoline,FA,B3,Federal Tier 2 Bin 3,FTYXT03.5CCU,standard SUV,7,28,28,28,7,Yes,313,TOYOTA
TOYOTA Land Cruiser,5.7,8,SemiAuto-6,4WD,Gasoline,FA,B5,Federal Tier 2 Bin 5,FTYXT05.7BEY,standard SUV,5,13,18,15,3,No,596,TOYOTA
TOYOTA Prius,1.8,4,CVT,2WD,Gasoline,FA,B3,Federal Tier 2 Bin 3,FTYXV01.8HC3,midsize car,7,51,48,50,10,Yes,178,TOYOTA
TOYOTA Prius c,1.5,4,CVT,2WD,Gasoline,FA,B3,Federal Tier 2 Bin 3,FTYXV01.5CC4,small car,7,53,46,50,10,Yes,178,TOYOTA
TOYOTA Prius v,1.8,4,CVT,2WD,Gasoline,FA,B3,Federal Tier 2 Bin 3,FTYXV01.8CCU,station wagon,7,44,40,42,9,Yes,211,TOYOTA
TOYOTA RAV4,2.5,4,SemiAuto-6,4WD,Gasoline,FA,B5,Federal Tier 2 Bin 5,FTYXJ02.5BEL,small SUV,5,22,29,25,6,No,354,TOYOTA
TOYOTA RAV4 LE/XLE,2.5,4,SemiAuto-6,2WD,Gasoline,FA,B5,Federal Tier 2 Bin 5,FTYXJ02.5BEL,small SUV,5,24,31,26,6,No,335,TOYOTA
TOYOTA RAV4 Limited,2.5,4,SemiAuto-6,4WD,Gasoline,FA,B5,Federal Tier 2 Bin 5,FTYXJ02.5BEL,small SUV,5,22,29,25,6,No,360,TOYOTA
TOYOTA Sequoia,5.7,8,SemiAuto-6,4WD,Gasoline,FA,B5,Federal Tier 2 Bin 5,FTYXT05.7BEY,standard SUV,5,13,17,14,2,No,617,TOYOTA
TOYOTA Sienna,3.5,6,SemiAuto-6,4WD,Gasoline,FA,B5,Federal Tier 2 Bin 5,FTYXT03.5BER,minivan,5,16,23,19,4,No,466,TOYOTA
TOYOTA Tacoma,2.7,4,Auto-4,4WD,Gasoline,FA,B5,Federal Tier 2 Bin 5,FTYXT02.7BER,pickup,5,18,21,19,4,No,460,TOYOTA
TOYOTA Tundra,4.6,8,SemiAuto-6,4WD,Gasoline,FA,B5,Federal Tier 2 Bin 5,FTYXT04.6BEW,pickup,5,14,18,16,3,No,570,TOYOTA
TOYOTA Venza,2.7,4,SemiAuto-6,4WD,Gasoline,FA,B5,Federal Tier 2 Bin 5,FTYXT02.7BEP,small SUV,5,20,26,22,5,No,388,TOYOTA
TOYOTA Yaris,1.5,4,Auto-4,2WD,Gasoline,FA,B5,Federal Tier 2 Bin 5,FTYXV01.5BEB,small car,5,30,36,32,8,Yes,273,TOYOTA
VOLKSWAGEN Beetle,1.8,4,Man-5,2WD,Gasoline,FA,B5,Federal Tier 2 Bin 5,FVGAV02.0VBD,small car,5,24,33,27,7,No,326,VOLKSWAGEN
VOLKSWAGEN Beetle Convertible,1.8,4,SemiAuto-6,2WD,Gasoline,FA,B5,Federal Tier 2 Bin 5,FVGAV02.0VBD,small car,5,24,32,27,7,No,326,VOLKSWAGEN
VOLKSWAGEN CC,2,4,AMS-6,2WD,Gasoline,FA,B5,Federal Tier 2 Bin 5,FVGAJ02.0VUE,small car,5,22,31,25,6,No,349,VOLKSWAGEN
VOLKSWAGEN CC 4Motion,3.6,6,SemiAuto-6,4WD,Gasoline,FA,B5,Federal Tier 2 Bin 5,FVGAV03.6VUF,small car,5,17,25,20,5,No,446,VOLKSWAGEN
VOLKSWAGEN Eos,2,4,AMS-6,2WD,Gasoline,FA,B3,Federal Tier 2 Bin 3,FVGAV02.0VSE,small car,7,22,30,25,6,No,354,VOLKSWAGEN
VOLKSWAGEN GTI,2,4,AMS-6,2WD,Gasoline,FA,B2,Federal Tier 2 Bin 2,FVGAV02.0APA,small car,9,25,33,28,7,Yes,319,VOLKSWAGEN
VOLKSWAGEN Golf,2,4,Man-5,2WD,Gasoline,FA,B2,Federal Tier 2 Bin 2,FVGAV02.0APA,small car,9,25,37,30,7,Yes,300,VOLKSWAGEN
VOLKSWAGEN Jetta,1.8,4,Man-5,2WD,Gasoline,FA,B5,Federal Tier 2 Bin 5,FVGAV02.0VBD,small car,5,25,37,29,7,No,301,VOLKSWAGEN
VOLKSWAGEN Jetta Hybrid,1.4,4,AMS-7,2WD,Gasoline,FA,B3,Federal Tier 2 Bin 3,FVGAV01.4VPA,small car,7,42,48,45,10,Yes,200,VOLKSWAGEN
VOLKSWAGEN Passat,1.8,4,Man-5,2WD,Gasoline,FA,B5,Federal Tier 2 Bin 5,FVGAV02.0VBD,midsize car,5,24,35,28,7,No,314,VOLKSWAGEN
VOLKSWAGEN Tiguan,2,4,SemiAuto-6,2WD,Gasoline,FA,B5,Federal Tier 2 Bin 5,FVGAJ02.0VUE,small SUV,5,21,26,23,5,No,392,VOLKSWAGEN
VOLKSWAGEN Tiguan 4Motion,2,4,SemiAuto-6,4WD,Gasoline,FA,B5,Federal Tier 2 Bin 5,FVGAJ02.0VUE,small SUV,5,20,26,23,5,No,394,VOLKSWAGEN
VOLKSWAGEN Touareg,3.6,6,SemiAuto-8,4WD,Gasoline,FA,B5,Federal Tier 2 Bin 5,FVGAT03.6VUK,standard SUV,5,17,23,19,4,No,462,VOLKSWAGEN
VOLKSWAGEN Touareg Hybrid,3,6,SemiAuto-8,4WD,Gasoline,FA,B5,Federal Tier 2 Bin 5,FVGAT03.0VUH,standard SUV,5,20,24,21,5,No,413,VOLKSWAGEN
VOLVO S60,2,4,SemiAuto-8,2WD,Gasoline,FA,B5,Federal Tier 2 Bin 5,FVVXV02.0U3T,small car,5,24,35,28,7,No,323,VOLVO
VOLVO S60 PoleStar,3,6,SemiAuto-6,4WD,Gasoline,FA,B5,Federal Tier 2 Bin 5,FVVXJ03.0U2T,small car,5,18,27,21,5,No,408,VOLVO
VOLVO S80,2,4,SemiAuto-8,2WD,Gasoline,FA,B5,Federal Tier 2 Bin 5,FVVXV02.0U3T,midsize car,5,25,37,29,7,No,306,VOLVO
VOLVO V60,2,4,SemiAuto-8,2WD,Gasoline,FA,B5,Federal Tier 2 Bin 5,FVVXV02.0U3T,station wagon,5,25,37,29,7,No,306,VOLVO
VOLVO V60 PoleStar,3,6,SemiAuto-6,4WD,Gasoline,FA,B5,Federal Tier 2 Bin 5,FVVXJ03.0U2T,station wagon,5,18,27,21,5,No,408,VOLVO
VOLVO XC 60,2,4,SemiAuto-8,2WD,Gasoline,FA,B5,Federal Tier 2 Bin 5,FVVXV02.0U3T,small SUV,5,22,30,25,6,No,356,VOLVO
VOLVO XC 70,2,4,SemiAuto-8,2WD,Gasoline,FA,B5,Federal Tier 2 Bin 5,FVVXV02.0U3T,small SUV,5,24,31,27,7,No,333,VOLVO
